// GENERATED oleh model/scripts/export_model_h.py — JANGAN EDIT TANGAN.
// Sumber: model/artifacts/model_int8.tflite (23,488 byte = 22.94 KB)
// Regenerasi: cd model && make quantize && make export
#ifndef MODEL_INT8_H
#define MODEL_INT8_H

#define ECG_WIN_LEN 256
#ifndef ECG_N_RR
#define ECG_N_RR 3
#endif
#define ECG_THRESHOLD 0.8f

// Kuantisasi affine: q = round(x / scale) + zero_point ; x = (q - zero_point) * scale
#define ECG_IN_MORPH_SCALE 0.0429079793f
#define ECG_IN_MORPH_ZERO  -25
#define ECG_IN_RR_SCALE    0.0129329814f
#define ECG_IN_RR_ZERO     -70
#define ECG_OUT_SCALE      0.0039062500f
#define ECG_OUT_ZERO       -128

const unsigned int model_int8_tflite_len = 23488;
alignas(16) const unsigned char model_int8_tflite[] = {
  0x1c, 0x00, 0x00, 0x00, 0x54, 0x46, 0x4c, 0x33, 0x14, 0x00, 0x20, 0x00,
  0x1c, 0x00, 0x18, 0x00, 0x14, 0x00, 0x10, 0x00, 0x0c, 0x00, 0x00, 0x00,
  0x08, 0x00, 0x04, 0x00, 0x14, 0x00, 0x00, 0x00, 0x1c, 0x00, 0x00, 0x00,
  0xa4, 0x00, 0x00, 0x00, 0xfc, 0x00, 0x00, 0x00, 0x24, 0x23, 0x00, 0x00,
  0x34, 0x23, 0x00, 0x00, 0xcc, 0x5a, 0x00, 0x00, 0x03, 0x00, 0x00, 0x00,
  0x01, 0x00, 0x00, 0x00, 0x04, 0x00, 0x00, 0x00, 0xce, 0xd6, 0xff, 0xff,
  0x0c, 0x00, 0x00, 0x00, 0x1c, 0x00, 0x00, 0x00, 0x3c, 0x00, 0x00, 0x00,
  0x0f, 0x00, 0x00, 0x00, 0x73, 0x65, 0x72, 0x76, 0x69, 0x6e, 0x67, 0x5f,
  0x64, 0x65, 0x66, 0x61, 0x75, 0x6c, 0x74, 0x00, 0x01, 0x00, 0x00, 0x00,
  0x04, 0x00, 0x00, 0x00, 0x78, 0xff, 0xff, 0xff, 0x36, 0x00, 0x00, 0x00,
  0x04, 0x00, 0x00, 0x00, 0x08, 0x00, 0x00, 0x00, 0x6f, 0x75, 0x74, 0x70,
  0x75, 0x74, 0x5f, 0x30, 0x00, 0x00, 0x00, 0x00, 0x02, 0x00, 0x00, 0x00,
  0x1c, 0x00, 0x00, 0x00, 0x04, 0x00, 0x00, 0x00, 0xd6, 0xda, 0xff, 0xff,
  0x04, 0x00, 0x00, 0x00, 0x06, 0x00, 0x00, 0x00, 0x72, 0x68, 0x79, 0x74,
  0x68, 0x6d, 0x00, 0x00, 0xb4, 0xff, 0xff, 0xff, 0x01, 0x00, 0x00, 0x00,
  0x04, 0x00, 0x00, 0x00, 0x0a, 0x00, 0x00, 0x00, 0x6d, 0x6f, 0x72, 0x70,
  0x68, 0x6f, 0x6c, 0x6f, 0x67, 0x79, 0x00, 0x00, 0x02, 0x00, 0x00, 0x00,
  0x34, 0x00, 0x00, 0x00, 0x04, 0x00, 0x00, 0x00, 0xdc, 0xff, 0xff, 0xff,
  0x39, 0x00, 0x00, 0x00, 0x04, 0x00, 0x00, 0x00, 0x13, 0x00, 0x00, 0x00,
  0x43, 0x4f, 0x4e, 0x56, 0x45, 0x52, 0x53, 0x49, 0x4f, 0x4e, 0x5f, 0x4d,
  0x45, 0x54, 0x41, 0x44, 0x41, 0x54, 0x41, 0x00, 0x08, 0x00, 0x0c, 0x00,
  0x08, 0x00, 0x04, 0x00, 0x08, 0x00, 0x00, 0x00, 0x38, 0x00, 0x00, 0x00,
  0x04, 0x00, 0x00, 0x00, 0x13, 0x00, 0x00, 0x00, 0x6d, 0x69, 0x6e, 0x5f,
  0x72, 0x75, 0x6e, 0x74, 0x69, 0x6d, 0x65, 0x5f, 0x76, 0x65, 0x72, 0x73,
  0x69, 0x6f, 0x6e, 0x00, 0x3a, 0x00, 0x00, 0x00, 0x24, 0x22, 0x00, 0x00,
  0x1c, 0x22, 0x00, 0x00, 0x14, 0x22, 0x00, 0x00, 0x00, 0x22, 0x00, 0x00,
  0xe4, 0x21, 0x00, 0x00, 0xd0, 0x21, 0x00, 0x00, 0xb4, 0x21, 0x00, 0x00,
  0x98, 0x21, 0x00, 0x00, 0x7c, 0x21, 0x00, 0x00, 0x60, 0x21, 0x00, 0x00,
  0x44, 0x21, 0x00, 0x00, 0x28, 0x21, 0x00, 0x00, 0x0c, 0x21, 0x00, 0x00,
  0xf8, 0x20, 0x00, 0x00, 0xe4, 0x20, 0x00, 0x00, 0xc4, 0x20, 0x00, 0x00,
  0x74, 0x20, 0x00, 0x00, 0x34, 0x1e, 0x00, 0x00, 0xa4, 0x1d, 0x00, 0x00,
  0x94, 0x19, 0x00, 0x00, 0x04, 0x19, 0x00, 0x00, 0xf4, 0x0c, 0x00, 0x00,
  0x64, 0x0c, 0x00, 0x00, 0x54, 0x02, 0x00, 0x00, 0x04, 0x02, 0x00, 0x00,
  0x84, 0x01, 0x00, 0x00, 0x7c, 0x01, 0x00, 0x00, 0x74, 0x01, 0x00, 0x00,
  0x6c, 0x01, 0x00, 0x00, 0x64, 0x01, 0x00, 0x00, 0x5c, 0x01, 0x00, 0x00,
  0x54, 0x01, 0x00, 0x00, 0x4c, 0x01, 0x00, 0x00, 0x44, 0x01, 0x00, 0x00,
  0x3c, 0x01, 0x00, 0x00, 0x34, 0x01, 0x00, 0x00, 0x2c, 0x01, 0x00, 0x00,
  0x24, 0x01, 0x00, 0x00, 0x1c, 0x01, 0x00, 0x00, 0x14, 0x01, 0x00, 0x00,
  0x0c, 0x01, 0x00, 0x00, 0x04, 0x01, 0x00, 0x00, 0xfc, 0x00, 0x00, 0x00,
  0xf4, 0x00, 0x00, 0x00, 0xec, 0x00, 0x00, 0x00, 0xe4, 0x00, 0x00, 0x00,
  0xdc, 0x00, 0x00, 0x00, 0xd4, 0x00, 0x00, 0x00, 0xcc, 0x00, 0x00, 0x00,
  0xc4, 0x00, 0x00, 0x00, 0xbc, 0x00, 0x00, 0x00, 0xb4, 0x00, 0x00, 0x00,
  0xac, 0x00, 0x00, 0x00, 0xa4, 0x00, 0x00, 0x00, 0x9c, 0x00, 0x00, 0x00,
  0x94, 0x00, 0x00, 0x00, 0x74, 0x00, 0x00, 0x00, 0x04, 0x00, 0x00, 0x00,
  0x4e, 0xdc, 0xff, 0xff, 0x04, 0x00, 0x00, 0x00, 0x60, 0x00, 0x00, 0x00,
  0x0c, 0x00, 0x00, 0x00, 0x08, 0x00, 0x0e, 0x00, 0x08, 0x00, 0x04, 0x00,
  0x08, 0x00, 0x00, 0x00, 0x10, 0x00, 0x00, 0x00, 0x28, 0x00, 0x00, 0x00,
  0x00, 0x00, 0x06, 0x00, 0x08, 0x00, 0x04, 0x00, 0x06, 0x00, 0x00, 0x00,
  0x04, 0x00, 0x00, 0x00, 0x01, 0x00, 0x00, 0x00, 0xeb, 0x03, 0x00, 0x00,
  0x0c, 0x00, 0x18, 0x00, 0x14, 0x00, 0x10, 0x00, 0x0c, 0x00, 0x04, 0x00,
  0x0c, 0x00, 0x00, 0x00, 0x37, 0xc1, 0x94, 0x7c, 0x75, 0x05, 0xbb, 0xba,
  0x02, 0x00, 0x00, 0x00, 0x02, 0x00, 0x00, 0x00, 0x04, 0x00, 0x00, 0x00,
  0x06, 0x00, 0x00, 0x00, 0x32, 0x2e, 0x32, 0x31, 0x2e, 0x30, 0x00, 0x00,
  0xba, 0xdc, 0xff, 0xff, 0x04, 0x00, 0x00, 0x00, 0x10, 0x00, 0x00, 0x00,
  0x31, 0x2e, 0x31, 0x34, 0x2e, 0x30, 0x00, 0x00, 0x00, 0x00, 0x00, 0x00,
  0x00, 0x00, 0x00, 0x00, 0xe0, 0xa8, 0xff, 0xff, 0xe4, 0xa8, 0xff, 0xff,
  0xe8, 0xa8, 0xff, 0xff, 0xec, 0xa8, 0xff, 0xff, 0xf0, 0xa8, 0xff, 0xff,
  0xf4, 0xa8, 0xff, 0xff, 0xf8, 0xa8, 0xff, 0xff, 0xfc, 0xa8, 0xff, 0xff,
  0x00, 0xa9, 0xff, 0xff, 0x04, 0xa9, 0xff, 0xff, 0x08, 0xa9, 0xff, 0xff,
  0x0c, 0xa9, 0xff, 0xff, 0x10, 0xa9, 0xff, 0xff, 0x14, 0xa9, 0xff, 0xff,
  0x18, 0xa9, 0xff, 0xff, 0x1c, 0xa9, 0xff, 0xff, 0x20, 0xa9, 0xff, 0xff,
  0x24, 0xa9, 0xff, 0xff, 0x28, 0xa9, 0xff, 0xff, 0x2c, 0xa9, 0xff, 0xff,
  0x30, 0xa9, 0xff, 0xff, 0x34, 0xa9, 0xff, 0xff, 0x38, 0xa9, 0xff, 0xff,
  0x3c, 0xa9, 0xff, 0xff, 0x40, 0xa9, 0xff, 0xff, 0x44, 0xa9, 0xff, 0xff,
  0x48, 0xa9, 0xff, 0xff, 0x4c, 0xa9, 0xff, 0xff, 0x50, 0xa9, 0xff, 0xff,
  0x54, 0xa9, 0xff, 0xff, 0x4e, 0xdd, 0xff, 0xff, 0x04, 0x00, 0x00, 0x00,
  0x70, 0x00, 0x00, 0x00, 0xec, 0x15, 0xf7, 0x29, 0x7f, 0xf0, 0x79, 0x5f,
  0x7f, 0x67, 0x62, 0xfb, 0x35, 0xce, 0x6f, 0x46, 0x12, 0x81, 0xd4, 0x0d,
  0x65, 0xf2, 0x9f, 0x8c, 0x81, 0x94, 0x44, 0x62, 0x75, 0x24, 0xc7, 0xbc,
  0x3f, 0x33, 0x7f, 0x32, 0x30, 0x59, 0x5a, 0xc1, 0x10, 0x81, 0xfc, 0xa0,
  0x64, 0xd1, 0xf3, 0xa2, 0x7f, 0x23, 0x13, 0x74, 0xb2, 0x90, 0xf9, 0x7f,
  0x79, 0x7f, 0x25, 0x50, 0x63, 0x65, 0x39, 0x4c, 0x6d, 0x7f, 0x22, 0x5b,
  0x56, 0x2b, 0x6e, 0x02, 0x19, 0xd0, 0x4d, 0x74, 0x7f, 0xce, 0x81, 0xde,
  0x02, 0x5c, 0x31, 0x3c, 0x37, 0xd2, 0x3d, 0x78, 0x46, 0x7f, 0x77, 0xbc,
  0x46, 0xb0, 0xa8, 0x23, 0x81, 0x9d, 0x7f, 0xfe, 0x52, 0xc5, 0xfe, 0x59,
  0x0f, 0x55, 0x2e, 0xc0, 0xdc, 0x81, 0xa2, 0xe3, 0xca, 0xdd, 0xff, 0xff,
  0x04, 0x00, 0x00, 0x00, 0x40, 0x00, 0x00, 0x00, 0xb5, 0xf5, 0xff, 0xff,
  0x6b, 0x05, 0x00, 0x00, 0xce, 0x05, 0x00, 0x00, 0xbb, 0xfa, 0xff, 0xff,
  0xc6, 0x04, 0x00, 0x00, 0xce, 0xfd, 0xff, 0xff, 0xd0, 0x01, 0x00, 0x00,
  0x8c, 0xfb, 0xff, 0xff, 0x99, 0x06, 0x00, 0x00, 0xf6, 0x00, 0x00, 0x00,
  0x22, 0xf8, 0xff, 0xff, 0x9c, 0xfa, 0xff, 0xff, 0x96, 0xfa, 0xff, 0xff,
  0xce, 0xfc, 0xff, 0xff, 0xdd, 0x05, 0x00, 0x00, 0x76, 0xf9, 0xff, 0xff,
  0x16, 0xde, 0xff, 0xff, 0x04, 0x00, 0x00, 0x00, 0x00, 0x0a, 0x00, 0x00,
  0xf7, 0xdd, 0xe9, 0x9e, 0x1b, 0x2b, 0xb2, 0x0f, 0xb6, 0xc3, 0x04, 0xef,
  0xdb, 0x4c, 0x01, 0x42, 0xfc, 0x1d, 0xa8, 0xe3, 0xa8, 0xe3, 0xfd, 0x0e,
  0x25, 0x38, 0x4c, 0x81, 0x0e, 0x2f, 0x9a, 0x13, 0x1e, 0xd7, 0x36, 0x58,
  0xcc, 0xf8, 0x35, 0x52, 0x35, 0xd9, 0x21, 0x4c, 0xee, 0xd9, 0xe9, 0xec,
  0x1b, 0xad, 0xd7, 0xcc, 0xe3, 0xd8, 0xdf, 0x52, 0x3f, 0xef, 0x2d, 0x72,
  0x5b, 0x29, 0xe7, 0xbd, 0x6a, 0xe9, 0x0b, 0xea, 0xf7, 0xd4, 0x21, 0xdf,
  0x14, 0x19, 0x26, 0x3c, 0x51, 0x16, 0xcb, 0x8e, 0xc9, 0x98, 0xab, 0xe8,
  0xfd, 0xf6, 0x67, 0x0f, 0x56, 0x07, 0xbc, 0xc5, 0x8b, 0x8e, 0xf5, 0x1a,
  0xcf, 0xb8, 0x98, 0x47, 0x3b, 0x87, 0xee, 0x0d, 0xa0, 0x2d, 0x4a, 0xf9,
  0x38, 0xc5, 0x20, 0xe7, 0x4d, 0xd1, 0xe0, 0xd3, 0xe9, 0x0c, 0x67, 0x55,
  0xfc, 0x53, 0x21, 0x01, 0xc5, 0xd4, 0x49, 0x3b, 0xd5, 0xfa, 0x62, 0x97,
  0x26, 0xb3, 0x39, 0xa7, 0x32, 0x7a, 0x7e, 0x23, 0x4b, 0xf0, 0x72, 0x47,
  0x39, 0x5d, 0x01, 0xcd, 0x2e, 0x8f, 0x11, 0x65, 0x29, 0x1d, 0x73, 0xbe,
  0x7f, 0xe2, 0x67, 0x0c, 0x36, 0x16, 0xc8, 0xef, 0x2b, 0xd6, 0xee, 0x24,
  0xe8, 0x2b, 0x0b, 0xc1, 0x2e, 0xf0, 0xe2, 0xbf, 0x26, 0x06, 0x1f, 0xed,
  0xdc, 0x0b, 0xe0, 0xd5, 0x18, 0xe4, 0x32, 0xcc, 0x10, 0x1c, 0xde, 0x0d,
  0xf7, 0xec, 0xf6, 0xf3, 0x06, 0x0f, 0xf2, 0xe8, 0x07, 0x31, 0x03, 0x9b,
  0xf5, 0xd9, 0x0f, 0x13, 0xd8, 0xed, 0x07, 0xd3, 0x1d, 0xba, 0x05, 0xf4,
  0x24, 0x03, 0x2f, 0xc3, 0xe9, 0xde, 0xf7, 0xb1, 0xeb, 0x0c, 0x0f, 0xde,
  0x05, 0x03, 0xf1, 0xe8, 0xea, 0xf0, 0x0d, 0xd8, 0x2e, 0xc8, 0x41, 0x81,
  0xdd, 0x21, 0x0f, 0x1e, 0x2a, 0x18, 0xdb, 0x24, 0x05, 0x2b, 0xe2, 0x9e,
  0x42, 0xe2, 0x19, 0x8b, 0xe9, 0xea, 0xe9, 0x1d, 0xe5, 0x0c, 0xda, 0x3b,
  0xe8, 0xc1, 0x44, 0x24, 0x27, 0xdc, 0x07, 0xde, 0x02, 0x2e, 0x3c, 0xf1,
  0xe3, 0xff, 0xc2, 0xfc, 0x0e, 0xdc, 0x0f, 0xc7, 0x1a, 0xa1, 0xeb, 0xe4,
  0xdf, 0xe6, 0xf4, 0xa8, 0x0b, 0xfd, 0xda, 0x04, 0x08, 0x01, 0x18, 0xe9,
  0x3f, 0x14, 0x12, 0xe3, 0x57, 0xfa, 0xd5, 0x96, 0xf3, 0x16, 0x0f, 0x10,
  0xe3, 0x37, 0x30, 0x81, 0x2b, 0xaf, 0x43, 0x9c, 0xf3, 0xeb, 0xf5, 0x11,
  0xfd, 0x7f, 0xf8, 0x23, 0xc3, 0x0b, 0x00, 0x31, 0xd6, 0xf3, 0xea, 0xd6,
  0x24, 0xbb, 0xf4, 0x24, 0xda, 0xfd, 0x23, 0x37, 0xdc, 0xd4, 0xf3, 0x1d,
  0xeb, 0xde, 0xd4, 0xfd, 0x37, 0xf5, 0x04, 0xf7, 0x28, 0x08, 0x19, 0x36,
  0xef, 0xe7, 0x3b, 0x1b, 0x08, 0x1a, 0x06, 0xe0, 0x40, 0xdf, 0xc0, 0xee,
  0xf4, 0x16, 0x03, 0xfe, 0x27, 0xf0, 0xf7, 0x21, 0x35, 0xf1, 0xea, 0xe1,
  0x47, 0x2d, 0x11, 0x05, 0x08, 0x30, 0x23, 0x31, 0x2e, 0xf2, 0xfc, 0xf1,
  0x2d, 0x28, 0x1c, 0x36, 0xef, 0xca, 0x05, 0xb5, 0xfa, 0xc2, 0xf6, 0x2a,
  0xe1, 0x1a, 0xf1, 0xb3, 0xea, 0xca, 0x1b, 0xeb, 0xdc, 0xfe, 0x2f, 0xe9,
  0xff, 0xcd, 0x15, 0x12, 0x24, 0x2b, 0xed, 0x2b, 0x05, 0xe8, 0xf5, 0x2f,
  0xfd, 0x0f, 0x06, 0x21, 0x25, 0x22, 0x22, 0xf4, 0x0a, 0xfe, 0x23, 0x7f,
  0x07, 0xe8, 0x1b, 0xfe, 0x32, 0x11, 0xfe, 0xfd, 0xff, 0xe2, 0x55, 0xef,
  0x06, 0xd7, 0xda, 0x68, 0x3a, 0x05, 0x22, 0x15, 0x35, 0xfc, 0x1c, 0xdd,
  0xfe, 0xbf, 0x17, 0xe9, 0x3c, 0xf2, 0xe2, 0x6e, 0x37, 0xb0, 0x17, 0x0d,
  0x06, 0x1c, 0x08, 0x42, 0xeb, 0xf9, 0xd6, 0x62, 0x38, 0x14, 0x3c, 0xe0,
  0x01, 0x0d, 0x4b, 0xe6, 0xf8, 0x40, 0xcc, 0xcb, 0x5a, 0x07, 0xcb, 0x3e,
  0x38, 0x19, 0xef, 0x1e, 0xf8, 0xfc, 0xc3, 0x96, 0x37, 0xcb, 0xe2, 0xd4,
  0x4f, 0x42, 0x1b, 0x34, 0x36, 0xc2, 0xde, 0xed, 0x32, 0x0c, 0x08, 0x12,
  0xe0, 0x0a, 0xb8, 0x18, 0xc2, 0x34, 0x0d, 0xb7, 0x02, 0xb7, 0x14, 0xfd,
  0xe7, 0xe4, 0x28, 0x13, 0x0d, 0xf3, 0x0c, 0x68, 0xe9, 0x15, 0xf4, 0xba,
  0xd7, 0xb6, 0xcf, 0x7f, 0xfa, 0xd7, 0x0c, 0x17, 0x00, 0x30, 0x12, 0xf2,
  0xe1, 0x50, 0x00, 0x10, 0x13, 0x2d, 0xd3, 0x02, 0x14, 0xde, 0x23, 0x42,
  0xcb, 0x36, 0x44, 0x1c, 0xd8, 0x36, 0xf2, 0x03, 0x11, 0xed, 0xe1, 0x03,
  0xd5, 0xd7, 0x19, 0x36, 0xdb, 0xf7, 0x15, 0x2d, 0xe1, 0x0b, 0x05, 0x11,
  0x08, 0xdc, 0xd6, 0x55, 0x01, 0x0b, 0x09, 0x08, 0xaf, 0xf1, 0x28, 0x0e,
  0x05, 0xbd, 0x09, 0x39, 0xf5, 0xd5, 0x02, 0x65, 0xd8, 0x0a, 0xda, 0xf4,
  0xa9, 0xdb, 0x05, 0xd3, 0xc9, 0x81, 0xc8, 0xca, 0xd2, 0xca, 0x81, 0x1f,
  0x88, 0xd9, 0xfd, 0xb4, 0x01, 0x51, 0x59, 0x0d, 0xba, 0x2d, 0x09, 0x3e,
  0x5a, 0x2e, 0x4d, 0xb9, 0xeb, 0xc5, 0x6e, 0xfc, 0xd8, 0x60, 0x37, 0x54,
  0x04, 0xea, 0x1b, 0x24, 0xad, 0xdf, 0xcc, 0x9f, 0x49, 0xf9, 0xbe, 0x3a,
  0xf8, 0xc9, 0x19, 0x39, 0x3d, 0x1f, 0x39, 0xef, 0xc8, 0xeb, 0x49, 0x96,
  0x22, 0x29, 0x33, 0x1f, 0x37, 0x50, 0xdc, 0xb1, 0xf0, 0x12, 0xdd, 0x32,
  0xe8, 0xac, 0xad, 0x21, 0x5a, 0x12, 0xb4, 0xb6, 0xf7, 0xd3, 0x53, 0xc3,
  0xf6, 0x26, 0x03, 0x11, 0x21, 0xf8, 0x27, 0xb7, 0xf6, 0x81, 0xdd, 0xff,
  0x1b, 0xbb, 0xce, 0xd4, 0x23, 0xae, 0x30, 0xd4, 0xe9, 0x21, 0xfa, 0x24,
  0x06, 0xef, 0xc2, 0xc5, 0x34, 0xf5, 0xb6, 0xd1, 0xca, 0x2b, 0xf7, 0xb0,
  0x2d, 0xf6, 0x34, 0xf8, 0x3d, 0xd7, 0xfd, 0x56, 0xd2, 0x4d, 0x11, 0x32,
  0x21, 0x55, 0x34, 0x4a, 0xf6, 0x3d, 0xcc, 0x9f, 0x0c, 0x0e, 0x4e, 0x7f,
  0xe5, 0x14, 0x21, 0x34, 0x00, 0x21, 0xd1, 0x2b, 0x3c, 0x18, 0x27, 0xb3,
  0xdc, 0x93, 0x3f, 0xfb, 0xa7, 0x1d, 0x52, 0xd5, 0xce, 0xe5, 0x0a, 0xd6,
  0x25, 0xec, 0xf8, 0x0c, 0x21, 0x96, 0x0f, 0xd8, 0x5a, 0xf7, 0x7f, 0x53,
  0x42, 0xef, 0xf3, 0x3b, 0xed, 0x5d, 0xe9, 0xfd, 0x4f, 0x41, 0xd8, 0x56,
  0xad, 0x70, 0x05, 0xa9, 0x5f, 0xdf, 0xe3, 0x31, 0x58, 0x34, 0x09, 0x0e,
  0xcf, 0xc2, 0x0d, 0x27, 0xeb, 0x0d, 0x43, 0x26, 0x38, 0x69, 0x3d, 0x1d,
  0xca, 0xff, 0x3a, 0xe6, 0x3e, 0x44, 0x24, 0xfa, 0x0f, 0x6a, 0x7b, 0xca,
  0xae, 0x2a, 0xc2, 0x32, 0xf8, 0x0e, 0x00, 0xfe, 0xa9, 0x55, 0xfb, 0x19,
  0xd6, 0x3d, 0xe0, 0xc5, 0x33, 0x8a, 0x17, 0x24, 0x5f, 0xe7, 0x1c, 0xfc,
  0x16, 0xac, 0x56, 0x5c, 0x01, 0xb9, 0x9f, 0x2f, 0x06, 0x0c, 0x20, 0xc9,
  0xa9, 0xa7, 0xca, 0x36, 0xb7, 0x31, 0xb7, 0xe1, 0x62, 0xc6, 0xd9, 0xe8,
  0x0f, 0x00, 0x16, 0xf0, 0xef, 0xbb, 0x25, 0x55, 0xdd, 0xff, 0xb0, 0x47,
  0x76, 0xb2, 0x9c, 0x00, 0x1a, 0x43, 0xfd, 0x12, 0xba, 0x39, 0xfb, 0x44,
  0xd6, 0x15, 0x27, 0xe5, 0x0d, 0x3e, 0xfd, 0xf3, 0xf1, 0x7f, 0xb6, 0x67,
  0xd9, 0x17, 0x24, 0x25, 0xed, 0xc7, 0x40, 0xc5, 0x46, 0x3b, 0xf3, 0xda,
  0xcd, 0x39, 0xfa, 0x5d, 0x1a, 0x51, 0xe3, 0x17, 0x51, 0xcc, 0x44, 0xa5,
  0xec, 0x21, 0xf3, 0x81, 0x02, 0x22, 0xd8, 0xef, 0x43, 0x33, 0x18, 0xbe,
  0x0e, 0x04, 0xeb, 0x0b, 0xcd, 0xed, 0x21, 0xb9, 0xf8, 0xf4, 0xa9, 0xbf,
  0x19, 0x10, 0xe0, 0xd8, 0xe8, 0xf3, 0x11, 0x00, 0xe0, 0xf3, 0xe7, 0xe7,
  0xcb, 0x1e, 0x08, 0xba, 0xbc, 0xde, 0xe8, 0x8f, 0x0e, 0x08, 0xec, 0x13,
  0x21, 0xb5, 0xd6, 0x11, 0x2b, 0x27, 0xe9, 0x13, 0xeb, 0xcd, 0xe3, 0x0e,
  0x28, 0x29, 0xcf, 0x44, 0x1c, 0x17, 0xda, 0x1c, 0x03, 0x3e, 0x1d, 0x11,
  0x2c, 0x0f, 0xee, 0x39, 0x32, 0x29, 0x04, 0x06, 0xc6, 0xab, 0xbd, 0x02,
  0xb7, 0x52, 0xae, 0xbf, 0xa3, 0xae, 0x1c, 0x21, 0xcc, 0x31, 0xc3, 0x03,
  0xf6, 0xa0, 0xf8, 0x2c, 0x27, 0x1a, 0x17, 0xd1, 0xdf, 0xf3, 0x3e, 0xc3,
  0x13, 0xf8, 0xf3, 0x14, 0x2d, 0xf1, 0xd3, 0x26, 0x2c, 0x15, 0x30, 0x25,
  0xd9, 0xe4, 0x30, 0x18, 0xfd, 0x1d, 0xc6, 0x7f, 0x38, 0xef, 0xc5, 0x5e,
  0x47, 0x2a, 0xdc, 0x41, 0xec, 0x11, 0x4d, 0x48, 0x36, 0x14, 0x1c, 0x25,
  0x2a, 0x24, 0x0f, 0x3c, 0xf3, 0x3d, 0xd1, 0x09, 0x25, 0x13, 0xfd, 0x4b,
  0x4a, 0xf1, 0xe7, 0x36, 0xc6, 0xf8, 0x22, 0x3f, 0x1b, 0xc3, 0x11, 0x00,
  0x0a, 0xd2, 0xd8, 0xed, 0xe7, 0x11, 0xde, 0x1f, 0x27, 0x06, 0x1f, 0x25,
  0xeb, 0xc2, 0xda, 0xf7, 0xfd, 0xf7, 0xd8, 0xe5, 0xf5, 0x15, 0xe6, 0x29,
  0x21, 0xf5, 0x1c, 0x09, 0x06, 0x36, 0x02, 0x06, 0x42, 0xef, 0x1f, 0x14,
  0x37, 0x0b, 0x0b, 0x2c, 0x09, 0x44, 0x30, 0x27, 0xe4, 0x3f, 0xed, 0xa9,
  0xff, 0xf3, 0x17, 0x38, 0x15, 0xea, 0x26, 0xee, 0x81, 0xfd, 0x13, 0xfe,
  0xdb, 0x00, 0x02, 0xd2, 0x14, 0x0d, 0xa4, 0xea, 0xb8, 0x2f, 0x1e, 0x3a,
  0xf2, 0x18, 0xe1, 0x0a, 0xfe, 0x14, 0xcf, 0xe7, 0x18, 0xfd, 0xf5, 0xe4,
  0xf3, 0x1e, 0x1d, 0x16, 0x13, 0x22, 0xff, 0x05, 0x13, 0x19, 0xe6, 0xe4,
  0x0c, 0x1e, 0xf2, 0xe0, 0x20, 0x17, 0xf3, 0x20, 0xfd, 0x21, 0x16, 0x21,
  0x00, 0x19, 0xdf, 0xe9, 0x05, 0x0f, 0x02, 0x1a, 0xe4, 0x02, 0xf3, 0x17,
  0xd8, 0x0a, 0x34, 0x2f, 0xee, 0x13, 0xe3, 0x21, 0xec, 0xe1, 0xf3, 0x44,
  0xda, 0xea, 0x1c, 0xf6, 0x98, 0xeb, 0x04, 0xf2, 0xcc, 0xba, 0xe1, 0x14,
  0xd0, 0xde, 0x9d, 0x5f, 0x81, 0xe1, 0x04, 0xe0, 0xdd, 0x22, 0x50, 0x09,
  0x0b, 0x4b, 0x31, 0x4b, 0x30, 0x21, 0xf1, 0x4b, 0x14, 0xbf, 0x35, 0x17,
  0xdc, 0x06, 0x32, 0x17, 0x06, 0x34, 0xe2, 0xfe, 0x0d, 0xef, 0x08, 0x21,
  0x15, 0xdd, 0x08, 0xd0, 0xf4, 0xf5, 0x02, 0xf5, 0xf3, 0xea, 0xf8, 0xfa,
  0xda, 0x06, 0xca, 0xdf, 0xff, 0x28, 0x16, 0x08, 0xb4, 0x16, 0xdf, 0x07,
  0xa4, 0xce, 0x2c, 0xd8, 0xe6, 0xc1, 0xba, 0xde, 0xa6, 0x09, 0xdd, 0x2c,
  0x0a, 0xef, 0xe1, 0x2e, 0xa8, 0x81, 0x1a, 0xe2, 0xe2, 0xeb, 0xea, 0xff,
  0xa7, 0xf1, 0xd3, 0x2a, 0xf3, 0x1e, 0x36, 0xe0, 0x23, 0x49, 0x08, 0x27,
  0x3b, 0x34, 0xf3, 0xaa, 0x19, 0x0f, 0xf4, 0x0f, 0xdc, 0x1a, 0x36, 0x2c,
  0x26, 0xf8, 0x09, 0xea, 0xf7, 0x01, 0x0a, 0xec, 0xeb, 0x10, 0xfc, 0x29,
  0xe0, 0xf9, 0x01, 0x0b, 0x0f, 0xfa, 0xfd, 0xe9, 0x1c, 0x22, 0x17, 0x12,
  0x0a, 0xed, 0x01, 0xe9, 0xe7, 0x15, 0x13, 0xbd, 0x07, 0x18, 0xf7, 0x17,
  0x19, 0x04, 0xf9, 0xce, 0xd5, 0xec, 0x2e, 0x81, 0x17, 0x2d, 0xe8, 0x97,
  0x03, 0x05, 0x23, 0x25, 0x15, 0x0a, 0xf1, 0xe5, 0xfc, 0xfa, 0x08, 0xab,
  0x3a, 0xe7, 0x81, 0x13, 0xfc, 0xee, 0x17, 0xf5, 0x0e, 0xd7, 0xdb, 0xf0,
  0x14, 0xe5, 0xd8, 0x05, 0xe5, 0xff, 0x02, 0xea, 0xd6, 0x24, 0x1f, 0xd1,
  0xf9, 0x21, 0xd3, 0xe8, 0x20, 0x06, 0x01, 0x3d, 0x04, 0x32, 0xe2, 0x37,
  0x14, 0x1a, 0xd8, 0xda, 0x24, 0x19, 0x1d, 0x42, 0xdc, 0x24, 0x1f, 0x27,
  0xee, 0xef, 0x01, 0xf1, 0xc4, 0x13, 0xfa, 0x34, 0x15, 0x08, 0xf2, 0xf0,
  0xcd, 0x2c, 0x1a, 0x03, 0xe0, 0xcc, 0xd1, 0x26, 0x11, 0xae, 0xdc, 0xe1,
  0x09, 0xff, 0x1a, 0x25, 0xba, 0x34, 0x0f, 0x34, 0xd0, 0x2f, 0x38, 0xbb,
  0x27, 0xee, 0x03, 0xed, 0x1d, 0xe9, 0xf1, 0xcb, 0xec, 0xf2, 0x31, 0x11,
  0x0f, 0x0b, 0x27, 0x81, 0x0c, 0xf3, 0xf9, 0xda, 0x16, 0xed, 0xf2, 0xc7,
  0xf8, 0xb2, 0xe6, 0xfe, 0xd7, 0xe9, 0x1e, 0x9e, 0x19, 0xdc, 0x1c, 0xeb,
  0x26, 0xeb, 0xf5, 0xbc, 0xf1, 0x08, 0x01, 0x04, 0x1e, 0xf0, 0xfb, 0xe4,
  0x0a, 0xea, 0xf4, 0x25, 0xed, 0xed, 0xf4, 0x9e, 0x13, 0xf4, 0x04, 0xe4,
  0x1b, 0xfe, 0xed, 0xd4, 0x20, 0xf4, 0x2d, 0x0d, 0x1d, 0x23, 0x00, 0xa9,
  0xf7, 0x0f, 0x2b, 0xc9, 0xfa, 0x9b, 0xdf, 0xff, 0xef, 0xa9, 0xfd, 0x17,
  0x01, 0xed, 0xe1, 0xe0, 0xed, 0xea, 0xb7, 0xd6, 0x11, 0xf5, 0x0b, 0x08,
  0xe6, 0x0b, 0x04, 0xfc, 0x39, 0xd5, 0x19, 0x43, 0x49, 0x33, 0x1a, 0x0c,
  0x4e, 0x12, 0xf5, 0xee, 0xd5, 0xfd, 0xfd, 0x1d, 0x0f, 0x01, 0xfd, 0x26,
  0x43, 0x1a, 0x2a, 0xd7, 0x1c, 0x4d, 0xf6, 0x19, 0x21, 0x4c, 0x1a, 0xbb,
  0x26, 0x29, 0xe5, 0xdc, 0xeb, 0x38, 0xdc, 0x09, 0xa5, 0xe5, 0x17, 0x2c,
  0xb4, 0x3e, 0xb9, 0xb9, 0xd9, 0x0a, 0x81, 0x29, 0xa8, 0x0f, 0xd1, 0x59,
  0xbe, 0xd9, 0xee, 0xc3, 0x55, 0x97, 0x1b, 0xd1, 0xff, 0xcb, 0xe9, 0x20,
  0xdf, 0x41, 0x61, 0xa4, 0xd5, 0xff, 0xd3, 0x3a, 0x0f, 0x1b, 0x06, 0xf6,
  0xd6, 0x00, 0x54, 0xfb, 0x2a, 0x8d, 0x2b, 0xc0, 0xf3, 0xd7, 0xb3, 0xb0,
  0x03, 0x31, 0x0f, 0x2a, 0xc1, 0xaf, 0x5e, 0xa4, 0xb6, 0x41, 0x5b, 0xd0,
  0x1d, 0x3c, 0xa7, 0x37, 0x3e, 0xe9, 0xee, 0x30, 0xd6, 0x5a, 0x8f, 0xd4,
  0xc0, 0x29, 0xa7, 0x08, 0xe1, 0xeb, 0x81, 0x41, 0x92, 0xbb, 0x1c, 0xf2,
  0x4b, 0xe9, 0x03, 0x11, 0x2d, 0xc4, 0xf4, 0xde, 0xcf, 0xe9, 0x93, 0x28,
  0xf7, 0x08, 0xdb, 0xe3, 0xfe, 0xf6, 0xb8, 0x2b, 0xb5, 0xe8, 0xe9, 0xe5,
  0x0f, 0xa0, 0xc1, 0x09, 0xe6, 0xd1, 0xdf, 0x0a, 0xcb, 0xb1, 0xcb, 0x4a,
  0xf0, 0x0e, 0xa2, 0x16, 0x0a, 0xca, 0xd2, 0x3b, 0x02, 0x02, 0x07, 0xde,
  0x17, 0xfc, 0x41, 0x5b, 0x21, 0x09, 0xac, 0xeb, 0xed, 0x0e, 0xa9, 0x05,
  0x10, 0xfc, 0x25, 0x3b, 0xef, 0x2b, 0x26, 0x3e, 0x39, 0x26, 0xf8, 0xf4,
  0x15, 0x38, 0x11, 0x01, 0x43, 0x1c, 0xd9, 0x46, 0x11, 0x2d, 0x32, 0x16,
  0x17, 0xbc, 0x33, 0x81, 0x02, 0x2e, 0x47, 0x3a, 0x3f, 0xf7, 0x21, 0x1a,
  0x07, 0x07, 0xfb, 0x4e, 0x1b, 0x0a, 0x3b, 0xfd, 0xef, 0x51, 0x02, 0x0e,
  0xfb, 0x03, 0x1d, 0x2b, 0xf4, 0x43, 0xec, 0x52, 0xc3, 0x2a, 0xfb, 0xde,
  0xba, 0xd7, 0x20, 0x30, 0xd9, 0x02, 0x2b, 0x32, 0xfe, 0xfa, 0xcf, 0x31,
  0xb6, 0x2e, 0x25, 0x05, 0xff, 0xd0, 0x00, 0xfc, 0xc7, 0xa2, 0xdd, 0x1e,
  0xfa, 0xf3, 0xd2, 0x34, 0xaf, 0xda, 0xda, 0xe5, 0xa2, 0xfd, 0xdb, 0xed,
  0x02, 0x81, 0xc9, 0xe9, 0xd0, 0xd9, 0xd0, 0xcf, 0xd7, 0xfe, 0xf7, 0xdf,
  0x93, 0x95, 0xd7, 0xcd, 0xde, 0xd6, 0xeb, 0x41, 0x48, 0x8d, 0x2b, 0xa3,
  0x9a, 0x03, 0x7a, 0xb9, 0x1a, 0x18, 0x5e, 0x42, 0x37, 0xbc, 0x58, 0x58,
  0xe0, 0x51, 0x19, 0x8e, 0xdc, 0xd2, 0x75, 0x86, 0xd3, 0x87, 0x1c, 0x45,
  0x00, 0xde, 0x4e, 0x69, 0x7e, 0xb6, 0xe6, 0xd8, 0xf7, 0x4d, 0x56, 0x02,
  0x5a, 0x31, 0xfe, 0xba, 0xf3, 0x81, 0xcb, 0x4f, 0x26, 0x5f, 0xae, 0x2e,
  0x2a, 0xf2, 0x21, 0x52, 0xcf, 0x38, 0x0a, 0xac, 0xf2, 0xea, 0xf6, 0x52,
  0x40, 0x16, 0x77, 0x4c, 0x1c, 0x3f, 0x75, 0xce, 0x11, 0xe5, 0xb5, 0xdc,
  0xfc, 0x43, 0x12, 0xa0, 0x9f, 0xa1, 0xee, 0x1f, 0xf3, 0x0e, 0xe0, 0x39,
  0x0d, 0xde, 0x01, 0x22, 0xf9, 0xf6, 0xf8, 0xd1, 0xa8, 0xae, 0xcb, 0x35,
  0x9a, 0x1f, 0xa3, 0x35, 0xe8, 0x81, 0xf5, 0xf3, 0xc5, 0x1f, 0xe6, 0x32,
  0xeb, 0xc6, 0xeb, 0x2a, 0xd2, 0x12, 0xb1, 0xdc, 0x02, 0x04, 0xf0, 0xe0,
  0xe8, 0x3a, 0x1d, 0x18, 0xdb, 0xec, 0x1f, 0x54, 0x2e, 0xe3, 0xf1, 0xf4,
  0x27, 0xf2, 0xfb, 0x08, 0x44, 0xf3, 0x0b, 0xf0, 0xfc, 0x19, 0x35, 0xfe,
  0x46, 0xcc, 0xf8, 0xdf, 0xfe, 0x13, 0xf4, 0xbe, 0x05, 0xfa, 0x23, 0xe6,
  0x37, 0x02, 0xee, 0xee, 0x36, 0xfd, 0x00, 0x13, 0xf1, 0x13, 0x14, 0xd4,
  0x0d, 0xfa, 0xe5, 0xf0, 0x01, 0x0e, 0xf9, 0xb8, 0x1f, 0x28, 0xe8, 0x2c,
  0x0d, 0x24, 0x05, 0x16, 0xf8, 0x01, 0xdc, 0x24, 0x2e, 0x20, 0xf9, 0xad,
  0x23, 0xfa, 0x15, 0x06, 0x11, 0xe2, 0x23, 0xf9, 0x05, 0xe5, 0xf7, 0x0f,
  0x17, 0xf5, 0xdf, 0xdf, 0xe2, 0xc2, 0x12, 0xf6, 0xda, 0x29, 0x2a, 0xb2,
  0x08, 0xcc, 0xe8, 0x2a, 0xe4, 0x02, 0x24, 0xeb, 0xfe, 0x94, 0x26, 0x81,
  0x2c, 0x3a, 0x19, 0xf6, 0x26, 0x4e, 0xea, 0xf7, 0x18, 0x17, 0x02, 0xaa,
  0x06, 0xc7, 0x19, 0x2b, 0xe3, 0x09, 0x4d, 0x09, 0x0f, 0x29, 0xf1, 0xf2,
  0xf8, 0x1c, 0xf2, 0x8d, 0x10, 0xe5, 0x13, 0x23, 0x0d, 0xe8, 0x04, 0x3c,
  0x26, 0x00, 0x0b, 0x23, 0x1e, 0xde, 0xf8, 0x29, 0x04, 0xe9, 0x1e, 0xec,
  0xfb, 0x03, 0xe9, 0x08, 0x07, 0xea, 0xe2, 0x0f, 0xe0, 0x23, 0xfd, 0x04,
  0x11, 0x9e, 0x14, 0xbd, 0x11, 0xd8, 0x28, 0x9b, 0x32, 0xdf, 0xd7, 0xf0,
  0x05, 0x23, 0x17, 0xf5, 0xf7, 0x9f, 0x07, 0x81, 0xf3, 0xfe, 0xa2, 0x2f,
  0x01, 0x4b, 0xe6, 0x31, 0x8a, 0xa5, 0x25, 0x3a, 0xbb, 0xf5, 0xda, 0xe5,
  0xe8, 0x81, 0xfd, 0x19, 0x27, 0x17, 0x09, 0xe1, 0xff, 0x01, 0x05, 0x57,
  0xc8, 0xe3, 0xe5, 0x19, 0x32, 0x08, 0x95, 0x00, 0xca, 0x3a, 0xff, 0xf2,
  0xf3, 0xe4, 0xe8, 0x17, 0x46, 0xfc, 0xbd, 0x1f, 0x4a, 0xe9, 0x1b, 0x01,
  0x21, 0x4b, 0xbf, 0xce, 0x0e, 0x17, 0x17, 0x10, 0x35, 0x10, 0x18, 0xa0,
  0x3e, 0x1b, 0xc3, 0xb7, 0xec, 0x51, 0xc6, 0x18, 0xfe, 0x43, 0x3c, 0xdf,
  0x1d, 0xa1, 0x01, 0xf6, 0x0f, 0x12, 0x02, 0x00, 0x18, 0xfc, 0x05, 0x0f,
  0x25, 0x1a, 0x2a, 0x26, 0x11, 0xf7, 0x2d, 0xde, 0x00, 0x2b, 0x1e, 0x0f,
  0x0d, 0x0b, 0x14, 0x18, 0x1d, 0xf3, 0x14, 0xed, 0xe6, 0x19, 0x02, 0xfb,
  0xe9, 0xea, 0xfa, 0x18, 0x0c, 0x31, 0xf9, 0x11, 0x04, 0x00, 0xed, 0xdc,
  0xed, 0xe4, 0x24, 0xe4, 0xd3, 0x0e, 0xea, 0x05, 0xcb, 0x25, 0x0f, 0xcd,
  0x14, 0xe0, 0xd1, 0xed, 0xd8, 0x35, 0xf8, 0x52, 0xd9, 0x04, 0xd5, 0x48,
  0xe0, 0x1c, 0x22, 0xf0, 0xc9, 0xe7, 0xdb, 0x31, 0xe9, 0x3c, 0xfb, 0x7f,
  0xf3, 0xc2, 0x04, 0x7f, 0x13, 0x12, 0x39, 0x05, 0x1e, 0x36, 0x15, 0x03,
  0x64, 0x3d, 0x1b, 0xbd, 0xb4, 0xbf, 0x21, 0x5e, 0x42, 0x2a, 0x43, 0xda,
  0x53, 0xf3, 0x5b, 0x27, 0x40, 0xf3, 0x45, 0xab, 0x28, 0x2e, 0x2e, 0x19,
  0xdc, 0x58, 0xd5, 0xac, 0x24, 0xba, 0x5d, 0xe5, 0xd2, 0x00, 0x3d, 0xdc,
  0x34, 0x3e, 0xd9, 0xef, 0xd4, 0x26, 0xed, 0xf2, 0xd1, 0x12, 0xda, 0xba,
  0x39, 0x16, 0xca, 0xa1, 0xfc, 0xc0, 0xb8, 0xcf, 0xa0, 0x0b, 0x8e, 0x10,
  0x1a, 0x99, 0xd5, 0xbe, 0x8d, 0xe0, 0x1b, 0xda, 0xfe, 0xd0, 0x01, 0xb8,
  0x02, 0xad, 0x11, 0x0f, 0xe0, 0x09, 0xe8, 0x1b, 0xf9, 0x8b, 0x05, 0x81,
  0xf6, 0xe2, 0xfe, 0xbd, 0xf3, 0xd5, 0xfe, 0xf5, 0x0a, 0x16, 0xfa, 0x1c,
  0x00, 0xc5, 0x01, 0xc8, 0x0a, 0x05, 0xf3, 0x24, 0xf5, 0x1d, 0x52, 0xf8,
  0x0f, 0x12, 0x27, 0x42, 0x1e, 0xe8, 0x0c, 0x1e, 0xf2, 0x2f, 0xe5, 0xfc,
  0x18, 0x45, 0x25, 0xe4, 0x13, 0x14, 0xf2, 0x5e, 0xf5, 0xd6, 0xef, 0x3c,
  0xae, 0xfa, 0xfc, 0x24, 0xd9, 0x41, 0x0e, 0xfe, 0x14, 0xec, 0xc3, 0x6a,
  0xcc, 0xe4, 0xee, 0x43, 0x22, 0xe8, 0xff, 0xff, 0x04, 0x00, 0x00, 0x00,
  0x80, 0x00, 0x00, 0x00, 0xcc, 0xfc, 0xff, 0xff, 0x96, 0x01, 0x00, 0x00,
  0x80, 0x02, 0x00, 0x00, 0x09, 0x00, 0x00, 0x00, 0x5e, 0xfd, 0xff, 0xff,
  0xf5, 0x03, 0x00, 0x00, 0xee, 0xff, 0xff, 0xff, 0x00, 0xff, 0xff, 0xff,
  0xfb, 0x05, 0x00, 0x00, 0x3e, 0x02, 0x00, 0x00, 0xa4, 0x02, 0x00, 0x00,
  0x21, 0xfa, 0xff, 0xff, 0xf8, 0xfd, 0xff, 0xff, 0xc8, 0xf6, 0xff, 0xff,
  0xa9, 0xff, 0xff, 0xff, 0xb9, 0xfe, 0xff, 0xff, 0x9e, 0x01, 0x00, 0x00,
  0xb8, 0x01, 0x00, 0x00, 0x0c, 0xfb, 0xff, 0xff, 0xe8, 0x02, 0x00, 0x00,
  0x43, 0xfc, 0xff, 0xff, 0x1a, 0xfe, 0xff, 0xff, 0xac, 0xf7, 0xff, 0xff,
  0x7d, 0xff, 0xff, 0xff, 0xb0, 0x01, 0x00, 0x00, 0x49, 0xff, 0xff, 0xff,
  0xbb, 0x02, 0x00, 0x00, 0x71, 0x01, 0x00, 0x00, 0xd1, 0xf7, 0xff, 0xff,
  0x63, 0xfe, 0xff, 0xff, 0xfd, 0x00, 0x00, 0x00, 0x50, 0xff, 0xff, 0xff,
  0xae, 0xe8, 0xff, 0xff, 0x04, 0x00, 0x00, 0x00, 0x00, 0x0c, 0x00, 0x00,
  0x0e, 0x14, 0x14, 0x14, 0xe0, 0x1e, 0xe4, 0x7a, 0xf2, 0xfa, 0xe5, 0xeb,
  0x42, 0x3d, 0x26, 0x4e, 0x58, 0xfa, 0x09, 0x49, 0x6c, 0xf2, 0xe1, 0x13,
  0x46, 0x0e, 0x34, 0x12, 0x25, 0x0c, 0x00, 0x7f, 0x0e, 0x04, 0x0b, 0xef,
  0x35, 0x10, 0xe7, 0x61, 0xff, 0xd3, 0x40, 0xf7, 0x43, 0xed, 0x13, 0xe7,
  0x03, 0xd1, 0x1e, 0xe8, 0x20, 0x06, 0xde, 0x56, 0xed, 0x2c, 0xd8, 0x22,
  0xea, 0x4c, 0xf2, 0x13, 0x13, 0x27, 0xf0, 0xdb, 0x51, 0xd5, 0xd2, 0xf3,
  0xde, 0x1f, 0xef, 0xfa, 0xc2, 0xd2, 0x10, 0x3c, 0x34, 0x05, 0xf8, 0x17,
  0xd0, 0x31, 0x3c, 0x48, 0xfe, 0xc1, 0xe6, 0xdc, 0x1d, 0xed, 0xd4, 0x1c,
  0xfb, 0x1b, 0xce, 0xea, 0x23, 0xd1, 0x0c, 0xef, 0xea, 0xe1, 0xf2, 0xde,
  0xee, 0x2c, 0xee, 0x13, 0x11, 0xed, 0x1e, 0x1c, 0xf3, 0xdf, 0xf8, 0x20,
  0xe1, 0xd9, 0xd3, 0xe6, 0xfa, 0xf7, 0x0e, 0x10, 0xf3, 0xf1, 0xea, 0xe2,
  0x03, 0x17, 0x16, 0xf7, 0xd1, 0x0d, 0x00, 0xe6, 0xc3, 0x37, 0x24, 0xec,
  0xed, 0xee, 0x08, 0x00, 0x34, 0x05, 0xf1, 0xf9, 0xf9, 0xca, 0xdd, 0xca,
  0x19, 0x2c, 0xc9, 0x7f, 0x0f, 0xd1, 0xe2, 0xa1, 0x13, 0xdd, 0x17, 0x34,
  0xec, 0x00, 0x18, 0xe4, 0x2d, 0x14, 0x2f, 0xed, 0xf2, 0x0a, 0x2f, 0xab,
  0xf7, 0x06, 0xd5, 0x04, 0xd1, 0x04, 0xed, 0xc9, 0xc4, 0x20, 0xe3, 0x32,
  0xf2, 0x0f, 0x14, 0xe8, 0x52, 0x1f, 0xde, 0x25, 0xe7, 0xd7, 0xfb, 0x13,
  0x05, 0xfa, 0xd6, 0x0d, 0xe1, 0x04, 0xd1, 0xb3, 0xd7, 0xf1, 0x45, 0x18,
  0xeb, 0x51, 0xfa, 0xdd, 0x3d, 0xbd, 0x28, 0xfd, 0xef, 0x00, 0xf0, 0x10,
  0x06, 0xd2, 0xb9, 0xeb, 0xe2, 0x1b, 0xf8, 0x1c, 0x45, 0x3b, 0xfc, 0xb3,
  0x14, 0x24, 0x28, 0x0e, 0xd7, 0xeb, 0x11, 0x02, 0xfd, 0x0e, 0xd7, 0x02,
  0x30, 0xd4, 0x1c, 0xe6, 0x32, 0x12, 0xfe, 0x13, 0x39, 0x06, 0xde, 0xe7,
  0xdd, 0xe3, 0x30, 0x04, 0x61, 0x47, 0xe3, 0xf8, 0xdf, 0xf0, 0x01, 0x04,
  0x02, 0x06, 0x2c, 0xd5, 0x1b, 0x79, 0x1b, 0x31, 0x55, 0x3a, 0x2f, 0x81,
  0x23, 0x4e, 0x10, 0xf8, 0x17, 0x38, 0xfd, 0xb7, 0xee, 0xdd, 0x4e, 0x43,
  0xfb, 0x21, 0xda, 0x3a, 0xa8, 0x1c, 0xc8, 0xac, 0xc6, 0xff, 0x45, 0x31,
  0xf4, 0x43, 0xc7, 0x1c, 0x6e, 0xef, 0x32, 0xe3, 0xe8, 0xf9, 0xc2, 0x32,
  0x10, 0x04, 0x2e, 0xee, 0xee, 0x4a, 0xe1, 0x0f, 0xf8, 0xf7, 0xa9, 0xc5,
  0x32, 0xfd, 0x26, 0xd3, 0xf5, 0x01, 0x70, 0x04, 0x2c, 0x07, 0x03, 0xda,
  0x7f, 0x49, 0xe9, 0x86, 0x25, 0x0c, 0xfe, 0x09, 0xfd, 0xfa, 0xff, 0xe6,
  0xce, 0x08, 0x13, 0xb9, 0x63, 0xde, 0x07, 0x0c, 0x3f, 0xce, 0xf9, 0xd3,
  0xdf, 0xc9, 0xbb, 0x07, 0xda, 0x11, 0xbf, 0xed, 0x36, 0x44, 0x14, 0x83,
  0x47, 0xfd, 0x2c, 0xb8, 0xf4, 0x07, 0xe2, 0xd8, 0xd1, 0xe6, 0x12, 0x18,
  0x10, 0xdb, 0x4d, 0x29, 0xe3, 0x20, 0x32, 0xa8, 0x17, 0xf7, 0x3e, 0x31,
  0x16, 0x3e, 0xee, 0xc7, 0x4a, 0xef, 0x59, 0x96, 0x40, 0x00, 0xbd, 0xd1,
  0x35, 0xe2, 0xe7, 0x35, 0xe1, 0xce, 0x30, 0xf4, 0x23, 0x25, 0xe6, 0xc7,
  0x4a, 0xc0, 0xc4, 0x01, 0xde, 0xc3, 0x75, 0xee, 0xc7, 0x58, 0x00, 0xcf,
  0x70, 0xe3, 0xf4, 0x3a, 0x25, 0x63, 0x0e, 0x5b, 0x3f, 0x0d, 0x1f, 0xeb,
  0x2d, 0xd9, 0xe3, 0x69, 0x56, 0x3b, 0xf6, 0xd2, 0x27, 0xd0, 0xd6, 0x3d,
  0xb4, 0xff, 0x7f, 0x19, 0xd6, 0x7f, 0x00, 0x5c, 0x4b, 0xde, 0x9c, 0x8a,
  0x9d, 0xcc, 0x4d, 0x34, 0x25, 0x18, 0xbb, 0xdf, 0xb6, 0x2f, 0x36, 0xb8,
  0xb2, 0x81, 0xb7, 0xdf, 0xe6, 0xef, 0xbf, 0xbb, 0xc0, 0xb0, 0xff, 0x19,
  0x40, 0x98, 0xd7, 0x4c, 0xbc, 0x33, 0x01, 0xe2, 0xb7, 0xf7, 0xe7, 0x40,
  0xa4, 0xb5, 0xee, 0xa9, 0xe0, 0x29, 0xa6, 0x2d, 0x29, 0x9b, 0x95, 0x98,
  0xe8, 0xa1, 0x4c, 0xd4, 0x0a, 0xd3, 0xdb, 0xaf, 0xb4, 0xbe, 0xd4, 0xf1,
  0xe3, 0xae, 0x23, 0x19, 0xbf, 0xc6, 0x26, 0x00, 0x9e, 0xa2, 0x3d, 0x34,
  0xf7, 0x47, 0x2d, 0x27, 0xc6, 0x06, 0xb5, 0xf7, 0x2b, 0x1c, 0x2c, 0xfe,
  0x17, 0x09, 0x11, 0xfe, 0x0b, 0xde, 0x0f, 0x06, 0xab, 0xc9, 0x1a, 0xb8,
  0xe2, 0x17, 0xd6, 0xdc, 0xf3, 0x06, 0xe6, 0xbc, 0xc4, 0x04, 0x02, 0xdc,
  0xe9, 0x0d, 0xe3, 0xee, 0xfd, 0x17, 0x14, 0x14, 0xd5, 0xf9, 0x25, 0xf6,
  0xe7, 0xdf, 0x1e, 0x0c, 0x1b, 0xc7, 0xbd, 0x11, 0x0d, 0xf8, 0xe6, 0xea,
  0xfc, 0x0c, 0xf7, 0xe6, 0xe3, 0x1d, 0xf4, 0xe8, 0xcb, 0xf9, 0x18, 0x09,
  0xe6, 0x0c, 0x1d, 0xfd, 0x46, 0x09, 0x1f, 0x0d, 0x18, 0xf8, 0xee, 0xdf,
  0x11, 0x05, 0x12, 0x7f, 0xe2, 0x22, 0xfa, 0xf2, 0x13, 0x15, 0x2e, 0x3f,
  0xee, 0xe6, 0x06, 0x20, 0xe8, 0x12, 0xf6, 0x3a, 0x1d, 0xea, 0x0a, 0xf7,
  0x32, 0xdc, 0xea, 0x00, 0x1d, 0x17, 0x15, 0x16, 0x27, 0xee, 0x17, 0x10,
  0xfa, 0x1a, 0x2c, 0x39, 0xcd, 0xe2, 0xe6, 0xb3, 0x25, 0x06, 0xf2, 0xfe,
  0x0d, 0xaf, 0xb3, 0xba, 0xf8, 0x2f, 0x0a, 0x10, 0xd4, 0x15, 0xba, 0xd6,
  0x16, 0xd5, 0x1d, 0x37, 0xad, 0xee, 0x2b, 0x14, 0x12, 0xf6, 0x04, 0x1f,
  0x8c, 0xfb, 0x00, 0xe9, 0x06, 0x26, 0x27, 0xb9, 0x16, 0xa5, 0xb3, 0xaf,
  0xc7, 0x3e, 0xdb, 0x39, 0xa4, 0x13, 0x81, 0xcf, 0x0a, 0x09, 0x13, 0x03,
  0x99, 0xe4, 0xbf, 0xe0, 0x2c, 0x17, 0x2c, 0x25, 0xea, 0xff, 0xe6, 0xc2,
  0xfd, 0xf0, 0xfa, 0xac, 0x0a, 0xae, 0xe1, 0xe0, 0x01, 0xf0, 0xfd, 0x24,
  0x04, 0x24, 0xe9, 0xe1, 0x0a, 0xee, 0x27, 0xf6, 0xa5, 0xd5, 0x09, 0x8e,
  0xd7, 0x19, 0xfe, 0x03, 0xec, 0xe2, 0x16, 0xf1, 0xef, 0x2f, 0xe6, 0x97,
  0x81, 0xfd, 0x12, 0xf1, 0xd1, 0x12, 0x2d, 0xe4, 0xf9, 0xd8, 0x9c, 0x2e,
  0x4b, 0xb9, 0x62, 0x10, 0xc0, 0x25, 0xfb, 0x15, 0xf6, 0x4a, 0x48, 0xef,
  0xbd, 0x4d, 0xdb, 0x05, 0x46, 0x35, 0x1f, 0xa4, 0xd4, 0x44, 0x15, 0x37,
  0xfe, 0xfc, 0x4f, 0x1e, 0x09, 0x2e, 0xf4, 0x48, 0x2c, 0xc8, 0x37, 0x15,
  0xe1, 0xe3, 0xce, 0x3a, 0xfa, 0x36, 0x3b, 0xde, 0xe6, 0x2e, 0x1a, 0x59,
  0x30, 0x45, 0x42, 0xa5, 0xfd, 0x3f, 0xe1, 0x09, 0x02, 0xe7, 0xeb, 0x55,
  0x27, 0x1e, 0xad, 0x27, 0x49, 0x08, 0x36, 0x24, 0x96, 0xe2, 0xca, 0x57,
  0x17, 0x0f, 0x30, 0xce, 0x1c, 0x0b, 0xdc, 0x2b, 0x22, 0xe4, 0x32, 0xe5,
  0x3d, 0x9f, 0x27, 0xff, 0x31, 0x2b, 0x14, 0x03, 0x44, 0xe9, 0xf6, 0x4a,
  0xfd, 0xfa, 0x1e, 0x35, 0xf6, 0xc6, 0xe8, 0x60, 0xcf, 0x42, 0x16, 0x38,
  0xc2, 0x3e, 0x11, 0x2b, 0x03, 0x07, 0x04, 0xff, 0x4c, 0xde, 0xd8, 0x29,
  0x25, 0x27, 0xe7, 0x22, 0x44, 0xce, 0xe8, 0x3a, 0xcb, 0xbd, 0x36, 0x23,
  0xdb, 0x08, 0x18, 0x7f, 0xed, 0x36, 0xff, 0x3a, 0xfc, 0xd0, 0xe4, 0x2f,
  0xc8, 0x27, 0x39, 0x22, 0x1a, 0xaa, 0x06, 0x50, 0xd1, 0xeb, 0xc4, 0x1c,
  0xec, 0xf7, 0x3f, 0xeb, 0xf8, 0xee, 0xe3, 0x12, 0xd6, 0xe8, 0xd5, 0x17,
  0x30, 0x10, 0xf6, 0xfd, 0xec, 0xf4, 0x22, 0x29, 0xff, 0x0b, 0x11, 0xf2,
  0xc8, 0x0b, 0xea, 0x18, 0xfb, 0x37, 0xfd, 0x2b, 0x25, 0xde, 0xd9, 0x30,
  0x34, 0xeb, 0x0d, 0x2b, 0xde, 0x1c, 0x1b, 0x37, 0xe9, 0x22, 0xe5, 0xe8,
  0xf0, 0x14, 0x21, 0x1f, 0xfc, 0x2b, 0x0b, 0x04, 0xe7, 0xd4, 0x2e, 0x0d,
  0x33, 0x20, 0x04, 0x2f, 0x34, 0xde, 0x17, 0xec, 0xe8, 0xe4, 0x27, 0xe6,
  0x02, 0x2b, 0xfa, 0x7f, 0x0b, 0x1d, 0xee, 0x0a, 0x08, 0x28, 0xd3, 0xf7,
  0xeb, 0xed, 0x16, 0xcb, 0xdb, 0xe5, 0x06, 0x0f, 0x28, 0x16, 0xf2, 0x32,
  0x13, 0xe0, 0xf1, 0x1e, 0x33, 0xb4, 0x0e, 0x19, 0xe0, 0x2c, 0x27, 0x48,
  0x1f, 0x27, 0xdb, 0xe6, 0x5c, 0xe1, 0xbc, 0xe7, 0xe9, 0x27, 0xcb, 0x61,
  0xef, 0x52, 0x1e, 0x12, 0xbf, 0xdc, 0x07, 0x1c, 0x0f, 0x31, 0x67, 0xe9,
  0xd1, 0x6a, 0xe3, 0xe0, 0x7b, 0xf3, 0x47, 0xd9, 0xf3, 0x21, 0x28, 0xe4,
  0x08, 0x18, 0x14, 0x08, 0xf8, 0x37, 0xef, 0xfe, 0xf9, 0x22, 0x05, 0xcf,
  0xb9, 0x02, 0xce, 0xe3, 0xb1, 0xfb, 0x26, 0x21, 0x1b, 0x29, 0xe2, 0xe8,
  0x0d, 0xca, 0xf0, 0xa7, 0x0f, 0xf3, 0x21, 0xdc, 0xde, 0xdb, 0x2b, 0xe8,
  0xf4, 0x2b, 0x20, 0x1a, 0xb3, 0xfb, 0xba, 0xba, 0xaf, 0x37, 0x21, 0xbf,
  0xd4, 0xd4, 0xe1, 0xb3, 0xfe, 0x18, 0x0d, 0x23, 0x42, 0x12, 0x10, 0x81,
  0xeb, 0x3d, 0x97, 0xa7, 0xb8, 0xa0, 0x49, 0xd9, 0x17, 0x0f, 0x94, 0x4f,
  0x40, 0xa8, 0xa0, 0xff, 0xae, 0xe5, 0x32, 0x40, 0x41, 0x12, 0xb3, 0xa4,
  0x02, 0x2e, 0x03, 0xc1, 0x32, 0x39, 0x1b, 0x10, 0x13, 0xbf, 0xd3, 0xa4,
  0xb9, 0x50, 0x8e, 0x22, 0xd6, 0xab, 0x35, 0x51, 0x44, 0x33, 0x10, 0xc3,
  0xac, 0x4f, 0x08, 0xfe, 0x87, 0xa7, 0x45, 0x81, 0xc2, 0xcb, 0xf4, 0xab,
  0x4a, 0xbf, 0x11, 0x1b, 0xbf, 0x22, 0x35, 0x44, 0x6f, 0x97, 0x3e, 0xcb,
  0xb8, 0xc0, 0x2e, 0xb2, 0x1e, 0x90, 0x31, 0x0f, 0x37, 0x5a, 0x2c, 0x4e,
  0x21, 0xef, 0x3b, 0xcd, 0x8b, 0x87, 0xcb, 0xdd, 0x3b, 0xdd, 0xa9, 0x4b,
  0x22, 0xed, 0x0f, 0x0b, 0x24, 0x2f, 0x21, 0xe6, 0x0e, 0xcc, 0x26, 0xd8,
  0x10, 0xd4, 0xc5, 0xd3, 0x15, 0x3b, 0xc5, 0xc1, 0xbf, 0xd2, 0x99, 0x02,
  0x0a, 0x16, 0x00, 0xe1, 0x9c, 0x33, 0x2f, 0xb3, 0x31, 0xed, 0x0f, 0xe1,
  0xfd, 0xd6, 0xfc, 0xe3, 0x1e, 0xa3, 0x00, 0x39, 0x2e, 0x01, 0xf1, 0x29,
  0xf1, 0xc5, 0xf4, 0x81, 0xdf, 0xf0, 0x17, 0xef, 0x0b, 0x27, 0x15, 0xb8,
  0x00, 0xf9, 0xff, 0x9c, 0x14, 0xad, 0xe9, 0xea, 0xd4, 0x90, 0x13, 0x48,
  0x03, 0x21, 0xd1, 0x25, 0x45, 0x25, 0xe5, 0x33, 0xf8, 0xad, 0x29, 0xc3,
  0x00, 0x01, 0x5e, 0x24, 0xc2, 0x2a, 0xe6, 0xc1, 0x49, 0x07, 0x28, 0x0d,
  0xe5, 0x06, 0xee, 0x38, 0x2f, 0x2f, 0xc1, 0xd1, 0x18, 0x48, 0x45, 0xbf,
  0x81, 0xdb, 0x2c, 0xfd, 0x04, 0x23, 0xf0, 0x3a, 0x3c, 0xcb, 0xdf, 0x57,
  0xc1, 0x97, 0xe9, 0x26, 0xc8, 0x16, 0x40, 0x69, 0x26, 0x0e, 0xc3, 0x05,
  0xd6, 0x47, 0xe7, 0x43, 0x00, 0x1a, 0x3b, 0xda, 0x02, 0x3c, 0x53, 0x5b,
  0xea, 0xe4, 0x27, 0xef, 0x17, 0xd4, 0xb1, 0xef, 0x21, 0x97, 0xc8, 0xf0,
  0xb3, 0x3b, 0xee, 0x49, 0x46, 0xdf, 0x31, 0x5e, 0xd2, 0xfa, 0xfa, 0x24,
  0xc3, 0xd1, 0x03, 0x52, 0xce, 0xcf, 0xd9, 0x50, 0xcf, 0x3b, 0x1d, 0xe1,
  0x12, 0xe5, 0xe0, 0x45, 0x07, 0x38, 0x1c, 0x20, 0xb4, 0xd8, 0xbc, 0x32,
  0xe1, 0xb1, 0x34, 0x2e, 0x07, 0xbd, 0xe9, 0x19, 0x8c, 0x20, 0x8e, 0x2a,
  0xff, 0x12, 0xe0, 0x35, 0xe8, 0x25, 0xfc, 0xac, 0xed, 0x15, 0xd1, 0xa1,
  0x2f, 0x06, 0x97, 0xef, 0x55, 0xb3, 0xb3, 0x46, 0xe8, 0x42, 0xd7, 0x0f,
  0x92, 0xa3, 0xed, 0xb0, 0x34, 0x1e, 0xc2, 0x13, 0x45, 0xda, 0x2e, 0x0f,
  0xb6, 0xdb, 0x06, 0xee, 0x99, 0x4d, 0x24, 0xe0, 0xdc, 0xe4, 0x3d, 0xfa,
  0xc4, 0x2b, 0xc0, 0x08, 0x98, 0xc1, 0x21, 0x91, 0x39, 0xb3, 0x36, 0xd2,
  0x15, 0xbd, 0xa0, 0xd5, 0x4f, 0xbb, 0x17, 0xde, 0xb4, 0x4d, 0x24, 0x46,
  0x19, 0x20, 0x33, 0x52, 0x8c, 0x81, 0x27, 0x51, 0x0f, 0xb4, 0xc9, 0x00,
  0x1f, 0xd1, 0xbc, 0xcd, 0xfe, 0xaf, 0x8a, 0xeb, 0xf9, 0x3f, 0xdc, 0x7f,
  0x03, 0x38, 0x32, 0x57, 0xbc, 0xa2, 0xf4, 0xf2, 0x02, 0xcc, 0x1f, 0x3c,
  0xf9, 0x44, 0x2e, 0xa1, 0x4e, 0xca, 0x12, 0x87, 0xfa, 0xcb, 0xf8, 0xd2,
  0xa9, 0xda, 0x8b, 0xeb, 0x1e, 0x36, 0xf1, 0x06, 0x98, 0x39, 0x32, 0x01,
  0x93, 0xfc, 0x0b, 0x5c, 0x27, 0x31, 0x39, 0x02, 0xfe, 0xd6, 0x0d, 0xf2,
  0x37, 0xbf, 0x13, 0x05, 0xb6, 0x3c, 0x1f, 0x19, 0xef, 0xfb, 0x93, 0xe9,
  0xb9, 0xc4, 0xd9, 0xfb, 0x08, 0xc4, 0x1c, 0x0d, 0xf5, 0xe5, 0xd0, 0x18,
  0xfd, 0x2a, 0x16, 0x13, 0xde, 0xec, 0xdb, 0x2d, 0xf2, 0xbb, 0xf5, 0x03,
  0x2a, 0xf1, 0xd1, 0xfe, 0x66, 0x16, 0xcc, 0xeb, 0xe1, 0xee, 0xec, 0x30,
  0x73, 0x10, 0xdd, 0x28, 0xd7, 0xd7, 0x14, 0x1e, 0xf4, 0xdf, 0x60, 0x13,
  0x23, 0x7c, 0xb8, 0x14, 0x62, 0xc0, 0x1a, 0xfb, 0xd2, 0x0a, 0x02, 0x25,
  0x5f, 0x31, 0x15, 0xcb, 0xdf, 0x14, 0xe9, 0x30, 0x2f, 0x30, 0x0b, 0x86,
  0x20, 0xd7, 0x1d, 0x10, 0xba, 0x1d, 0x00, 0xc8, 0xd6, 0x03, 0x2d, 0x1d,
  0x74, 0x07, 0xe4, 0xbe, 0xc6, 0xf2, 0x23, 0x1e, 0xce, 0xcd, 0x41, 0xf0,
  0xe8, 0xeb, 0xf0, 0xe4, 0x17, 0xe1, 0x0c, 0xe4, 0x02, 0x23, 0x20, 0xbe,
  0xf6, 0xdf, 0x15, 0xa5, 0x05, 0xe2, 0x35, 0x38, 0x00, 0x18, 0x24, 0x81,
  0xf3, 0xcb, 0x11, 0x00, 0xed, 0x0c, 0x21, 0xe4, 0xe8, 0xcd, 0x09, 0xcc,
  0x30, 0x03, 0xec, 0x0e, 0x2b, 0x12, 0x19, 0xce, 0xf1, 0x11, 0xe0, 0xe3,
  0x1c, 0x0d, 0xd9, 0xc5, 0xd4, 0x13, 0x1d, 0xcb, 0xfb, 0xe0, 0xf9, 0xe5,
  0x08, 0x19, 0xf9, 0xec, 0xdb, 0xc1, 0x1e, 0x19, 0x1b, 0x2f, 0x24, 0x28,
  0x02, 0xd1, 0xfc, 0xe5, 0xea, 0xd0, 0x0b, 0xf0, 0xfb, 0x22, 0xe2, 0xad,
  0x25, 0x0a, 0xfe, 0x81, 0xf6, 0xf1, 0xe5, 0x25, 0x03, 0xfa, 0x02, 0x3a,
  0xee, 0xf7, 0xe2, 0x41, 0x35, 0xfe, 0x13, 0x03, 0x04, 0x0e, 0x1f, 0xf7,
  0x04, 0xfc, 0x3b, 0xf5, 0x03, 0x44, 0x03, 0x0e, 0x18, 0xdd, 0x00, 0xdd,
  0xfb, 0xf4, 0xd3, 0xe7, 0x1e, 0xf3, 0x01, 0xd9, 0x2d, 0xaf, 0xd9, 0xf4,
  0x4a, 0x2e, 0xd4, 0x18, 0x4f, 0xb3, 0xff, 0xdd, 0x2c, 0xd4, 0x5b, 0xc4,
  0xf9, 0x52, 0x03, 0xa2, 0x54, 0x08, 0x22, 0x81, 0x41, 0xd0, 0xc6, 0x23,
  0x05, 0x26, 0x25, 0x2a, 0x1e, 0x39, 0x28, 0x5f, 0x02, 0xf6, 0x21, 0xe2,
  0x2c, 0xbe, 0xf7, 0x1a, 0xd6, 0xd6, 0x05, 0x2d, 0x2f, 0x67, 0x27, 0x02,
  0x08, 0xea, 0xd9, 0x97, 0x2c, 0xd0, 0x36, 0xf8, 0x49, 0x02, 0xe9, 0x05,
  0xdd, 0x37, 0xfb, 0x5f, 0xe4, 0xf2, 0x21, 0x12, 0xfc, 0xf5, 0xf4, 0x08,
  0xf0, 0x0d, 0x4d, 0xd1, 0xe2, 0x7f, 0xe0, 0x31, 0x1f, 0xf5, 0xf5, 0xd8,
  0xd1, 0xfb, 0xf4, 0x05, 0x04, 0xe9, 0xf5, 0xf2, 0xfb, 0xde, 0xe4, 0xe4,
  0xf3, 0xd0, 0xf1, 0x09, 0xd1, 0x0d, 0xe1, 0xb8, 0xe5, 0x09, 0x26, 0xd0,
  0xd1, 0x4a, 0x1f, 0x05, 0x03, 0xd1, 0xf2, 0x34, 0xeb, 0x1a, 0xe7, 0x0b,
  0x04, 0xde, 0x00, 0x0f, 0xfa, 0xcc, 0xf5, 0x37, 0x7f, 0x35, 0x0c, 0xee,
  0x0c, 0xe8, 0x00, 0xcf, 0x17, 0x26, 0x40, 0xfa, 0x13, 0x22, 0xdc, 0x03,
  0x0d, 0xdc, 0x99, 0xd7, 0x36, 0x1c, 0xe4, 0x3d, 0x40, 0x35, 0xf1, 0x22,
  0x2e, 0x1f, 0x01, 0x38, 0x68, 0x1b, 0x28, 0x00, 0xcb, 0x22, 0xfe, 0xfa,
  0x1b, 0xd7, 0x58, 0xfb, 0x2f, 0x65, 0xff, 0x0d, 0x5a, 0x17, 0xbc, 0xc0,
  0xc5, 0xbb, 0xd1, 0xda, 0xfb, 0x1a, 0x39, 0xce, 0x20, 0xff, 0x38, 0x32,
  0x0c, 0xe5, 0x08, 0x1e, 0xc8, 0x3e, 0x17, 0xfb, 0xde, 0xc9, 0x25, 0x3f,
  0x2a, 0x0b, 0x0f, 0x16, 0x7f, 0x11, 0x51, 0x9f, 0xd1, 0xcf, 0xeb, 0xe8,
  0x18, 0xe3, 0x20, 0xe8, 0xc3, 0xc0, 0xde, 0x46, 0xf5, 0x27, 0xb6, 0xfb,
  0xee, 0xb6, 0xee, 0xe5, 0x16, 0xd5, 0x47, 0xcc, 0x34, 0x5b, 0xd5, 0x07,
  0x51, 0xf0, 0xf8, 0xf6, 0xea, 0x3d, 0xed, 0x55, 0x50, 0x09, 0x93, 0x3c,
  0x02, 0x41, 0x04, 0x2a, 0x62, 0x27, 0x0f, 0x17, 0x03, 0x3d, 0x1b, 0x07,
  0xb8, 0x2c, 0x74, 0xcb, 0x03, 0x2a, 0x0d, 0x25, 0x25, 0xc5, 0xc5, 0xbf,
  0x0f, 0xef, 0xd4, 0x1c, 0xf0, 0x1a, 0x12, 0x31, 0x1b, 0xf9, 0x02, 0xe8,
  0x0e, 0x0d, 0xf2, 0x19, 0x3a, 0x2b, 0x0b, 0x4e, 0x18, 0xe2, 0x16, 0x1a,
  0xf7, 0x33, 0xcb, 0x4c, 0x30, 0xfc, 0xd1, 0x0b, 0x00, 0xe1, 0xff, 0xdc,
  0x23, 0xed, 0xe6, 0xd5, 0xdb, 0xf2, 0xdc, 0xe3, 0xe3, 0xda, 0xeb, 0xda,
  0x09, 0xf4, 0xf1, 0x18, 0x2c, 0x11, 0xce, 0x0f, 0x15, 0x03, 0xe0, 0xb8,
  0xf1, 0x05, 0xd7, 0x7f, 0x1d, 0xc5, 0xec, 0xcb, 0xc1, 0xe1, 0x2b, 0x25,
  0x09, 0xcf, 0xfa, 0xbb, 0xe9, 0x1d, 0x15, 0xed, 0x22, 0xf1, 0x1f, 0xfc,
  0xe8, 0xe4, 0xb0, 0xf7, 0x15, 0xec, 0x00, 0x2a, 0xaa, 0x17, 0xd9, 0xc5,
  0x2a, 0x39, 0xfa, 0x0e, 0xbc, 0x0e, 0xf3, 0xf9, 0x0f, 0x30, 0x3d, 0xf1,
  0xbc, 0xd0, 0xe0, 0xd5, 0x08, 0xca, 0x27, 0xfd, 0xc0, 0xdb, 0xec, 0x4e,
  0xe2, 0x20, 0x2d, 0xf3, 0xcb, 0xcb, 0xdf, 0xde, 0x31, 0xbb, 0xdb, 0x19,
  0xf5, 0xfc, 0x18, 0xd2, 0x0c, 0xd8, 0xf9, 0xcb, 0x06, 0xef, 0xc6, 0xad,
  0x42, 0x01, 0xd9, 0xb3, 0xa4, 0xe6, 0xf6, 0xbf, 0xc2, 0x7f, 0xd5, 0x2a,
  0x4d, 0x4b, 0x13, 0x81, 0x2a, 0x30, 0xdc, 0x21, 0x46, 0x2d, 0x04, 0x0f,
  0x14, 0xef, 0xf4, 0x6e, 0x66, 0x20, 0xe7, 0x3c, 0x4d, 0xfe, 0x55, 0xb6,
  0x37, 0xff, 0x43, 0xe3, 0xdf, 0x22, 0xd0, 0xf8, 0x4d, 0x4d, 0x15, 0xd7,
  0xe0, 0xf9, 0xee, 0xd0, 0xbf, 0x02, 0xd3, 0xc7, 0xd8, 0x51, 0x2a, 0xd7,
  0xee, 0xc8, 0x2f, 0x8d, 0xe7, 0x0b, 0x4c, 0x3b, 0xdf, 0x2d, 0x14, 0xd6,
  0x2d, 0xc7, 0x3c, 0xf5, 0x1b, 0xf4, 0x2e, 0xeb, 0xc4, 0xeb, 0x10, 0xd6,
  0x00, 0x1d, 0x4c, 0x9c, 0xee, 0x03, 0x36, 0xac, 0xe3, 0xef, 0x9c, 0xbf,
  0xe5, 0x1a, 0xb7, 0x3b, 0xb1, 0x40, 0xd8, 0x9b, 0xe5, 0xcf, 0x4d, 0x0f,
  0xf0, 0x39, 0xc9, 0x81, 0x00, 0xf6, 0xf0, 0xbd, 0x7c, 0xff, 0xf9, 0xd6,
  0x22, 0x31, 0xcb, 0xd0, 0x6c, 0xe6, 0xd2, 0xfe, 0x18, 0xe9, 0xe4, 0x1c,
  0x9e, 0xfd, 0x21, 0x2a, 0x15, 0x1d, 0xc4, 0xbc, 0xe8, 0x35, 0xe2, 0xe9,
  0x12, 0x35, 0xdb, 0x40, 0x9b, 0xf6, 0xf1, 0xbf, 0xfe, 0x02, 0xd4, 0xd7,
  0x9c, 0xb0, 0xeb, 0x0a, 0xce, 0x21, 0x45, 0xce, 0x49, 0x1c, 0xea, 0x2b,
  0x07, 0xd1, 0x15, 0x45, 0xc5, 0x01, 0xc5, 0xd2, 0xfe, 0xde, 0xde, 0x26,
  0x82, 0x41, 0xea, 0xf3, 0xd6, 0xe9, 0xf6, 0xce, 0xb1, 0xd7, 0xeb, 0x0c,
  0xa8, 0x14, 0x14, 0xc7, 0x3c, 0x0a, 0xf8, 0xeb, 0xef, 0xdf, 0x24, 0x1f,
  0x96, 0xee, 0xca, 0x9d, 0x21, 0x3a, 0x03, 0x2f, 0xe9, 0x34, 0xbf, 0xdd,
  0xf3, 0x14, 0x33, 0xc4, 0x81, 0xfe, 0x2f, 0x12, 0x14, 0x21, 0x20, 0xe1,
  0x23, 0xc5, 0xa1, 0xce, 0x2d, 0x99, 0x1a, 0xda, 0x9d, 0x29, 0xa3, 0x26,
  0x44, 0xbc, 0x1a, 0x01, 0x05, 0xec, 0x38, 0x09, 0x4f, 0xc8, 0xec, 0xee,
  0x8b, 0xfc, 0x41, 0x6e, 0xb2, 0x16, 0xbf, 0x60, 0x64, 0x16, 0x04, 0xd9,
  0xb5, 0xfd, 0x2b, 0x42, 0xb1, 0xff, 0xb9, 0x64, 0xe5, 0x45, 0x31, 0x1c,
  0x50, 0x50, 0x35, 0x27, 0xfe, 0x14, 0x0b, 0x1d, 0x52, 0x37, 0xc7, 0x6d,
  0x4f, 0x0d, 0xda, 0x62, 0xf2, 0x53, 0xff, 0x68, 0x36, 0xdc, 0xd3, 0x3d,
  0x97, 0xe5, 0xa2, 0xe4, 0x4f, 0xe5, 0xd5, 0x01, 0xd8, 0xbc, 0xbb, 0x59,
  0x2f, 0xb2, 0x07, 0xef, 0x81, 0x5c, 0x3f, 0xcb, 0x48, 0x32, 0xc5, 0x4a,
  0xfd, 0xf2, 0x1d, 0x27, 0x3c, 0xac, 0xd4, 0xbb, 0xf9, 0xb6, 0xe8, 0xde,
  0x0f, 0xfb, 0xea, 0xdd, 0x07, 0xd7, 0x24, 0x0d, 0xe8, 0xc1, 0x08, 0xd6,
  0x3f, 0xd2, 0xe2, 0xd4, 0x14, 0x16, 0xe2, 0xa7, 0xed, 0xf9, 0xc3, 0xed,
  0xea, 0x15, 0x14, 0x12, 0xfc, 0x12, 0x13, 0xac, 0x05, 0x18, 0xc2, 0xfc,
  0xfb, 0x18, 0x17, 0x1d, 0x24, 0xd4, 0xe2, 0xe7, 0x3f, 0x2e, 0xd7, 0x1c,
  0x04, 0xe3, 0x12, 0xd2, 0x02, 0xee, 0x06, 0x0d, 0xe7, 0x32, 0xc9, 0xf1,
  0x21, 0x31, 0x07, 0x81, 0x0e, 0x1a, 0xc1, 0x0e, 0x1f, 0x01, 0xe0, 0x4f,
  0xec, 0x00, 0xed, 0x34, 0x30, 0x34, 0x1a, 0x36, 0x08, 0xe8, 0xe7, 0xee,
  0xed, 0xf0, 0x55, 0xf3, 0x1a, 0x37, 0xcb, 0x18, 0x3d, 0xe1, 0x27, 0xaf,
  0x0d, 0xf3, 0xf0, 0x01, 0x1b, 0xe4, 0x06, 0x1d, 0x11, 0x0b, 0x2d, 0xdf,
  0x27, 0x00, 0x02, 0x1c, 0xfd, 0x15, 0x32, 0x0d, 0x48, 0xeb, 0x24, 0x1b,
  0xdb, 0x0f, 0x27, 0x26, 0x01, 0x27, 0x0c, 0x6f, 0xcd, 0xc2, 0xff, 0x0b,
  0x48, 0xf2, 0x1e, 0x10, 0x22, 0xda, 0x16, 0xed, 0x2f, 0xca, 0x04, 0x06,
  0x26, 0xea, 0xdb, 0x1b, 0xb8, 0xf4, 0xeb, 0x5a, 0xfb, 0xec, 0x18, 0x21,
  0x1a, 0xeb, 0x27, 0xf9, 0xda, 0xc1, 0xcf, 0xfd, 0xb4, 0xfc, 0xda, 0x26,
  0x07, 0xe0, 0xd8, 0xd6, 0xe8, 0xbe, 0xd4, 0x0f, 0x1a, 0x07, 0xbd, 0xe6,
  0xdc, 0x23, 0xb2, 0x29, 0xd1, 0xe8, 0xf8, 0xfc, 0x98, 0xd1, 0xcb, 0x81,
  0xf7, 0xed, 0x1e, 0x29, 0xff, 0xed, 0xea, 0x63, 0x31, 0xe0, 0x39, 0xce,
  0x0c, 0xc3, 0xee, 0x20, 0x3b, 0x3f, 0xc7, 0xe2, 0xce, 0x2b, 0x0d, 0x62,
  0xdc, 0xfa, 0x28, 0x1a, 0xce, 0xdf, 0xeb, 0xf2, 0x2e, 0x13, 0x04, 0x25,
  0xca, 0xdd, 0xf8, 0x2c, 0x33, 0x2f, 0x0b, 0xc2, 0x18, 0xa9, 0x1c, 0xdf,
  0xea, 0xff, 0xf6, 0x34, 0x7f, 0x12, 0xd9, 0x06, 0x2b, 0xe7, 0xd5, 0x1c,
  0xd3, 0x04, 0x33, 0x6f, 0x1c, 0x17, 0x31, 0xe3, 0xf0, 0x28, 0x26, 0x33,
  0xe7, 0x42, 0x02, 0xcc, 0xf0, 0xe1, 0xdd, 0xe0, 0x33, 0x2f, 0xef, 0x36,
  0x5e, 0x00, 0x29, 0xc6, 0xe0, 0xf4, 0x02, 0x0d, 0xcc, 0x0f, 0xd6, 0x14,
  0xd3, 0xed, 0x1d, 0x17, 0xfc, 0xca, 0xdf, 0x1e, 0xc5, 0xe5, 0xd2, 0xff,
  0x36, 0xf5, 0x17, 0x0d, 0xf8, 0xd4, 0xec, 0xe9, 0xdf, 0xfa, 0x04, 0x09,
  0xc6, 0x3b, 0x06, 0xd1, 0x39, 0xca, 0x5d, 0xd8, 0x1b, 0xd9, 0xfa, 0x2a,
  0x37, 0xe0, 0xf7, 0xec, 0xee, 0xe1, 0xfa, 0x27, 0x43, 0x1c, 0xd6, 0x95,
  0x38, 0x26, 0x27, 0x0b, 0x06, 0x25, 0x01, 0x00, 0xf4, 0x10, 0x14, 0x07,
  0x0e, 0xdb, 0xde, 0xdf, 0x17, 0xf3, 0x15, 0xf5, 0x02, 0x28, 0xe2, 0x21,
  0x1e, 0x19, 0x0f, 0x40, 0x2d, 0x2e, 0xd8, 0xdd, 0x10, 0x30, 0x2b, 0x1d,
  0xd6, 0xe6, 0x1e, 0xe7, 0x1e, 0x27, 0xd6, 0x21, 0x12, 0x3a, 0xd8, 0x81,
  0xfd, 0xef, 0xe4, 0x0a, 0x36, 0x11, 0x05, 0x36, 0x1e, 0x2c, 0x0d, 0x3d,
  0x07, 0xee, 0x05, 0x22, 0x24, 0x1c, 0x22, 0xdb, 0x27, 0xe2, 0x39, 0xfd,
  0xf6, 0x36, 0xed, 0xe3, 0x2f, 0x0e, 0xfd, 0x67, 0x10, 0xe0, 0x2d, 0xf0,
  0x5f, 0xf3, 0x03, 0x3a, 0x0a, 0xf8, 0x1d, 0x3b, 0x1b, 0xf6, 0xf7, 0x09,
  0x0d, 0xf4, 0xd3, 0xe1, 0xc6, 0x0f, 0x47, 0x1f, 0xe7, 0x0c, 0x07, 0x16,
  0x7b, 0x2e, 0x1a, 0xfb, 0xfa, 0x1f, 0xda, 0x2e, 0x71, 0x1c, 0x13, 0x18,
  0xdd, 0xfe, 0xd3, 0x69, 0x0b, 0x16, 0xef, 0x08, 0x33, 0x04, 0xc1, 0x19,
  0x09, 0x27, 0x53, 0x30, 0x29, 0x2b, 0xdd, 0xf3, 0x7f, 0xe0, 0x30, 0x49,
  0xba, 0xf4, 0xff, 0xff, 0x04, 0x00, 0x00, 0x00, 0x80, 0x00, 0x00, 0x00,
  0x9b, 0x01, 0x00, 0x00, 0xdf, 0xfe, 0xff, 0xff, 0x40, 0xfc, 0xff, 0xff,
  0xc1, 0xff, 0xff, 0xff, 0x32, 0x01, 0x00, 0x00, 0x20, 0xff, 0xff, 0xff,
  0xf5, 0xff, 0xff, 0xff, 0xfd, 0xfd, 0xff, 0xff, 0x2a, 0x02, 0x00, 0x00,
  0x7e, 0x01, 0x00, 0x00, 0x00, 0x01, 0x00, 0x00, 0x42, 0xfc, 0xff, 0xff,
  0xe7, 0xfe, 0xff, 0xff, 0x36, 0xfd, 0xff, 0xff, 0x61, 0x01, 0x00, 0x00,
  0xf4, 0xfd, 0xff, 0xff, 0x71, 0xfb, 0xff, 0xff, 0xb1, 0xfa, 0xff, 0xff,
  0x50, 0xff, 0xff, 0xff, 0x00, 0xff, 0xff, 0xff, 0x91, 0xfc, 0xff, 0xff,
  0x85, 0xfa, 0xff, 0xff, 0xcd, 0xfe, 0xff, 0xff, 0x9d, 0xfd, 0xff, 0xff,
  0xa0, 0xfe, 0xff, 0xff, 0x24, 0xff, 0xff, 0xff, 0x8f, 0x00, 0x00, 0x00,
  0x59, 0xff, 0xff, 0xff, 0xc7, 0xff, 0xff, 0xff, 0x8c, 0x02, 0x00, 0x00,
  0x5a, 0xfc, 0xff, 0xff, 0xbf, 0xff, 0xff, 0xff, 0x46, 0xf5, 0xff, 0xff,
  0x04, 0x00, 0x00, 0x00, 0x00, 0x04, 0x00, 0x00, 0x7f, 0x7f, 0x7f, 0x7f,
  0x7f, 0x7f, 0x7f, 0x7f, 0x7f, 0x7f, 0x7f, 0x7f, 0x7f, 0x7f, 0x7f, 0x7f,
  0x7f, 0x7f, 0x7f, 0x7f, 0x7f, 0x7f, 0x7f, 0x7f, 0x7f, 0x7f, 0x7f, 0x7f,
  0x7f, 0x7f, 0x7f, 0x7f, 0x7f, 0x7f, 0x7f, 0x7f, 0x7f, 0x7f, 0x7f, 0x7f,
  0x7f, 0x7f, 0x7f, 0x7f, 0x7f, 0x7f, 0x7f, 0x7f, 0x7f, 0x7f, 0x7f, 0x7f,
  0x7f, 0x7f, 0x7f, 0x7f, 0x7f, 0x7f, 0x7f, 0x7f, 0x7f, 0x7f, 0x7f, 0x7f,
  0x7f, 0x7f, 0x7f, 0x7f, 0x7f, 0x7f, 0x7f, 0x7f, 0x7f, 0x7f, 0x7f, 0x7f,
  0x7f, 0x7f, 0x7f, 0x7f, 0x7f, 0x7f, 0x7f, 0x7f, 0x7f, 0x7f, 0x7f, 0x7f,
  0x7f, 0x7f, 0x7f, 0x7f, 0x7f, 0x7f, 0x7f, 0x7f, 0x7f, 0x7f, 0x7f, 0x7f,
  0x7f, 0x7f, 0x7f, 0x7f, 0x7f, 0x7f, 0x7f, 0x7f, 0x7f, 0x7f, 0x7f, 0x7f,
  0x7f, 0x7f, 0x7f, 0x7f, 0x7f, 0x7f, 0x7f, 0x7f, 0x7f, 0x7f, 0x7f, 0x7f,
  0x7f, 0x7f, 0x7f, 0x7f, 0x7f, 0x7f, 0x7f, 0x7f, 0x7f, 0x7f, 0x7f, 0x7f,
  0x7f, 0x7f, 0x7f, 0x7f, 0x7f, 0x7f, 0x7f, 0x7f, 0x7f, 0x7f, 0x7f, 0x7f,
  0x7f, 0x7f, 0x7f, 0x7f, 0x7f, 0x7f, 0x7f, 0x7f, 0x7f, 0x7f, 0x7f, 0x7f,
  0x7f, 0x7f, 0x7f, 0x7f, 0x7f, 0x7f, 0x7f, 0x7f, 0x7f, 0x7f, 0x7f, 0x7f,
  0x7f, 0x7f, 0x7f, 0x7f, 0x7f, 0x7f, 0x7f, 0x7f, 0x7f, 0x7f, 0x7f, 0x7f,
  0x7f, 0x7f, 0x7f, 0x7f, 0x7f, 0x7f, 0x7f, 0x7f, 0x7f, 0x7f, 0x7f, 0x7f,
  0x7f, 0x7f, 0x7f, 0x7f, 0x7f, 0x7f, 0x7f, 0x7f, 0x7f, 0x7f, 0x7f, 0x7f,
  0x7f, 0x7f, 0x7f, 0x7f, 0x7f, 0x7f, 0x7f, 0x7f, 0x7f, 0x7f, 0x7f, 0x7f,
  0x7f, 0x7f, 0x7f, 0x7f, 0x7f, 0x7f, 0x7f, 0x7f, 0x7f, 0x7f, 0x7f, 0x7f,
  0x7f, 0x7f, 0x7f, 0x7f, 0x7f, 0x7f, 0x7f, 0x7f, 0x7f, 0x7f, 0x7f, 0x7f,
  0x7f, 0x7f, 0x7f, 0x7f, 0x7f, 0x7f, 0x7f, 0x7f, 0x7f, 0x7f, 0x7f, 0x7f,
  0x7f, 0x7f, 0x7f, 0x7f, 0x7f, 0x7f, 0x7f, 0x7f, 0x7f, 0x7f, 0x7f, 0x7f,
  0x7f, 0x7f, 0x7f, 0x7f, 0x7f, 0x7f, 0x7f, 0x7f, 0x7f, 0x7f, 0x7f, 0x7f,
  0x7f, 0x7f, 0x7f, 0x7f, 0x7f, 0x7f, 0x7f, 0x7f, 0x7f, 0x7f, 0x7f, 0x7f,
  0x7f, 0x7f, 0x7f, 0x7f, 0x7f, 0x7f, 0x7f, 0x7f, 0x7f, 0x7f, 0x7f, 0x7f,
  0x7f, 0x7f, 0x7f, 0x7f, 0x7f, 0x7f, 0x7f, 0x7f, 0x7f, 0x7f, 0x7f, 0x7f,
  0x7f, 0x7f, 0x7f, 0x7f, 0x7f, 0x7f, 0x7f, 0x7f, 0x7f, 0x7f, 0x7f, 0x7f,
  0x7f, 0x7f, 0x7f, 0x7f, 0x7f, 0x7f, 0x7f, 0x7f, 0x7f, 0x7f, 0x7f, 0x7f,
  0x7f, 0x7f, 0x7f, 0x7f, 0x7f, 0x7f, 0x7f, 0x7f, 0x7f, 0x7f, 0x7f, 0x7f,
  0x7f, 0x7f, 0x7f, 0x7f, 0x7f, 0x7f, 0x7f, 0x7f, 0x7f, 0x7f, 0x7f, 0x7f,
  0x7f, 0x7f, 0x7f, 0x7f, 0x7f, 0x7f, 0x7f, 0x7f, 0x7f, 0x7f, 0x7f, 0x7f,
  0x7f, 0x7f, 0x7f, 0x7f, 0x7f, 0x7f, 0x7f, 0x7f, 0x7f, 0x7f, 0x7f, 0x7f,
  0x7f, 0x7f, 0x7f, 0x7f, 0x7f, 0x7f, 0x7f, 0x7f, 0x7f, 0x7f, 0x7f, 0x7f,
  0x7f, 0x7f, 0x7f, 0x7f, 0x7f, 0x7f, 0x7f, 0x7f, 0x7f, 0x7f, 0x7f, 0x7f,
  0x7f, 0x7f, 0x7f, 0x7f, 0x7f, 0x7f, 0x7f, 0x7f, 0x7f, 0x7f, 0x7f, 0x7f,
  0x7f, 0x7f, 0x7f, 0x7f, 0x7f, 0x7f, 0x7f, 0x7f, 0x7f, 0x7f, 0x7f, 0x7f,
  0x7f, 0x7f, 0x7f, 0x7f, 0x7f, 0x7f, 0x7f, 0x7f, 0x7f, 0x7f, 0x7f, 0x7f,
  0x7f, 0x7f, 0x7f, 0x7f, 0x7f, 0x7f, 0x7f, 0x7f, 0x7f, 0x7f, 0x7f, 0x7f,
  0x7f, 0x7f, 0x7f, 0x7f, 0x7f, 0x7f, 0x7f, 0x7f, 0x7f, 0x7f, 0x7f, 0x7f,
  0x7f, 0x7f, 0x7f, 0x7f, 0x7f, 0x7f, 0x7f, 0x7f, 0x7f, 0x7f, 0x7f, 0x7f,
  0x7f, 0x7f, 0x7f, 0x7f, 0x7f, 0x7f, 0x7f, 0x7f, 0x7f, 0x7f, 0x7f, 0x7f,
  0x7f, 0x7f, 0x7f, 0x7f, 0x7f, 0x7f, 0x7f, 0x7f, 0x7f, 0x7f, 0x7f, 0x7f,
  0x7f, 0x7f, 0x7f, 0x7f, 0x7f, 0x7f, 0x7f, 0x7f, 0x7f, 0x7f, 0x7f, 0x7f,
  0x7f, 0x7f, 0x7f, 0x7f, 0x7f, 0x7f, 0x7f, 0x7f, 0x7f, 0x7f, 0x7f, 0x7f,
  0x7f, 0x7f, 0x7f, 0x7f, 0x7f, 0x7f, 0x7f, 0x7f, 0x7f, 0x7f, 0x7f, 0x7f,
  0x7f, 0x7f, 0x7f, 0x7f, 0x7f, 0x7f, 0x7f, 0x7f, 0x7f, 0x7f, 0x7f, 0x7f,
  0x7f, 0x7f, 0x7f, 0x7f, 0x7f, 0x7f, 0x7f, 0x7f, 0x7f, 0x7f, 0x7f, 0x7f,
  0x7f, 0x7f, 0x7f, 0x7f, 0x7f, 0x7f, 0x7f, 0x7f, 0x7f, 0x7f, 0x7f, 0x7f,
  0x7f, 0x7f, 0x7f, 0x7f, 0x7f, 0x7f, 0x7f, 0x7f, 0x7f, 0x7f, 0x7f, 0x7f,
  0x7f, 0x7f, 0x7f, 0x7f, 0x7f, 0x7f, 0x7f, 0x7f, 0x7f, 0x7f, 0x7f, 0x7f,
  0x7f, 0x7f, 0x7f, 0x7f, 0x7f, 0x7f, 0x7f, 0x7f, 0x7f, 0x7f, 0x7f, 0x7f,
  0x7f, 0x7f, 0x7f, 0x7f, 0x7f, 0x7f, 0x7f, 0x7f, 0x7f, 0x7f, 0x7f, 0x7f,
  0x7f, 0x7f, 0x7f, 0x7f, 0x7f, 0x7f, 0x7f, 0x7f, 0x7f, 0x7f, 0x7f, 0x7f,
  0x7f, 0x7f, 0x7f, 0x7f, 0x7f, 0x7f, 0x7f, 0x7f, 0x7f, 0x7f, 0x7f, 0x7f,
  0x7f, 0x7f, 0x7f, 0x7f, 0x7f, 0x7f, 0x7f, 0x7f, 0x7f, 0x7f, 0x7f, 0x7f,
  0x7f, 0x7f, 0x7f, 0x7f, 0x7f, 0x7f, 0x7f, 0x7f, 0x7f, 0x7f, 0x7f, 0x7f,
  0x7f, 0x7f, 0x7f, 0x7f, 0x7f, 0x7f, 0x7f, 0x7f, 0x7f, 0x7f, 0x7f, 0x7f,
  0x7f, 0x7f, 0x7f, 0x7f, 0x7f, 0x7f, 0x7f, 0x7f, 0x7f, 0x7f, 0x7f, 0x7f,
  0x7f, 0x7f, 0x7f, 0x7f, 0x7f, 0x7f, 0x7f, 0x7f, 0x7f, 0x7f, 0x7f, 0x7f,
  0x7f, 0x7f, 0x7f, 0x7f, 0x7f, 0x7f, 0x7f, 0x7f, 0x7f, 0x7f, 0x7f, 0x7f,
  0x7f, 0x7f, 0x7f, 0x7f, 0x7f, 0x7f, 0x7f, 0x7f, 0x7f, 0x7f, 0x7f, 0x7f,
  0x7f, 0x7f, 0x7f, 0x7f, 0x7f, 0x7f, 0x7f, 0x7f, 0x7f, 0x7f, 0x7f, 0x7f,
  0x7f, 0x7f, 0x7f, 0x7f, 0x7f, 0x7f, 0x7f, 0x7f, 0x7f, 0x7f, 0x7f, 0x7f,
  0x7f, 0x7f, 0x7f, 0x7f, 0x7f, 0x7f, 0x7f, 0x7f, 0x7f, 0x7f, 0x7f, 0x7f,
  0x7f, 0x7f, 0x7f, 0x7f, 0x7f, 0x7f, 0x7f, 0x7f, 0x7f, 0x7f, 0x7f, 0x7f,
  0x7f, 0x7f, 0x7f, 0x7f, 0x7f, 0x7f, 0x7f, 0x7f, 0x7f, 0x7f, 0x7f, 0x7f,
  0x7f, 0x7f, 0x7f, 0x7f, 0x7f, 0x7f, 0x7f, 0x7f, 0x7f, 0x7f, 0x7f, 0x7f,
  0x7f, 0x7f, 0x7f, 0x7f, 0x7f, 0x7f, 0x7f, 0x7f, 0x7f, 0x7f, 0x7f, 0x7f,
  0x7f, 0x7f, 0x7f, 0x7f, 0x7f, 0x7f, 0x7f, 0x7f, 0x7f, 0x7f, 0x7f, 0x7f,
  0x7f, 0x7f, 0x7f, 0x7f, 0x7f, 0x7f, 0x7f, 0x7f, 0x7f, 0x7f, 0x7f, 0x7f,
  0x7f, 0x7f, 0x7f, 0x7f, 0x7f, 0x7f, 0x7f, 0x7f, 0x7f, 0x7f, 0x7f, 0x7f,
  0x7f, 0x7f, 0x7f, 0x7f, 0x7f, 0x7f, 0x7f, 0x7f, 0x7f, 0x7f, 0x7f, 0x7f,
  0x7f, 0x7f, 0x7f, 0x7f, 0x7f, 0x7f, 0x7f, 0x7f, 0x7f, 0x7f, 0x7f, 0x7f,
  0x7f, 0x7f, 0x7f, 0x7f, 0x7f, 0x7f, 0x7f, 0x7f, 0x7f, 0x7f, 0x7f, 0x7f,
  0x7f, 0x7f, 0x7f, 0x7f, 0x7f, 0x7f, 0x7f, 0x7f, 0x7f, 0x7f, 0x7f, 0x7f,
  0x7f, 0x7f, 0x7f, 0x7f, 0x7f, 0x7f, 0x7f, 0x7f, 0x7f, 0x7f, 0x7f, 0x7f,
  0x7f, 0x7f, 0x7f, 0x7f, 0x7f, 0x7f, 0x7f, 0x7f, 0x7f, 0x7f, 0x7f, 0x7f,
  0x7f, 0x7f, 0x7f, 0x7f, 0x7f, 0x7f, 0x7f, 0x7f, 0x7f, 0x7f, 0x7f, 0x7f,
  0x7f, 0x7f, 0x7f, 0x7f, 0x7f, 0x7f, 0x7f, 0x7f, 0x7f, 0x7f, 0x7f, 0x7f,
  0x7f, 0x7f, 0x7f, 0x7f, 0x7f, 0x7f, 0x7f, 0x7f, 0x7f, 0x7f, 0x7f, 0x7f,
  0x7f, 0x7f, 0x7f, 0x7f, 0x7f, 0x7f, 0x7f, 0x7f, 0x7f, 0x7f, 0x7f, 0x7f,
  0x7f, 0x7f, 0x7f, 0x7f, 0x7f, 0x7f, 0x7f, 0x7f, 0x7f, 0x7f, 0x7f, 0x7f,
  0x7f, 0x7f, 0x7f, 0x7f, 0x7f, 0x7f, 0x7f, 0x7f, 0x7f, 0x7f, 0x7f, 0x7f,
  0x7f, 0x7f, 0x7f, 0x7f, 0x7f, 0x7f, 0x7f, 0x7f, 0x7f, 0x7f, 0x7f, 0x7f,
  0x7f, 0x7f, 0x7f, 0x7f, 0x7f, 0x7f, 0x7f, 0x7f, 0x7f, 0x7f, 0x7f, 0x7f,
  0x52, 0xf9, 0xff, 0xff, 0x04, 0x00, 0x00, 0x00, 0x80, 0x00, 0x00, 0x00,
  0x00, 0x00, 0x00, 0x00, 0x00, 0x00, 0x00, 0x00, 0x00, 0x00, 0x00, 0x00,
  0x00, 0x00, 0x00, 0x00, 0x00, 0x00, 0x00, 0x00, 0x00, 0x00, 0x00, 0x00,
  0x00, 0x00, 0x00, 0x00, 0x00, 0x00, 0x00, 0x00, 0x00, 0x00, 0x00, 0x00,
  0x00, 0x00, 0x00, 0x00, 0x00, 0x00, 0x00, 0x00, 0x00, 0x00, 0x00, 0x00,
  0x00, 0x00, 0x00, 0x00, 0x00, 0x00, 0x00, 0x00, 0x00, 0x00, 0x00, 0x00,
  0x00, 0x00, 0x00, 0x00, 0x00, 0x00, 0x00, 0x00, 0x00, 0x00, 0x00, 0x00,
  0x00, 0x00, 0x00, 0x00, 0x00, 0x00, 0x00, 0x00, 0x00, 0x00, 0x00, 0x00,
  0x00, 0x00, 0x00, 0x00, 0x00, 0x00, 0x00, 0x00, 0x00, 0x00, 0x00, 0x00,
  0x00, 0x00, 0x00, 0x00, 0x00, 0x00, 0x00, 0x00, 0x00, 0x00, 0x00, 0x00,
  0x00, 0x00, 0x00, 0x00, 0x00, 0x00, 0x00, 0x00, 0x00, 0x00, 0x00, 0x00,
  0x00, 0x00, 0x00, 0x00, 0x00, 0x00, 0x00, 0x00, 0xde, 0xf9, 0xff, 0xff,
  0x04, 0x00, 0x00, 0x00, 0x30, 0x02, 0x00, 0x00, 0x2c, 0x26, 0xec, 0x08,
  0xf8, 0xf1, 0x20, 0x22, 0x10, 0x2f, 0x1e, 0xe7, 0xe5, 0xdd, 0x30, 0xdd,
  0xd6, 0x19, 0xc4, 0x0a, 0x07, 0xd1, 0x33, 0xc1, 0xe2, 0xed, 0x2d, 0xcd,
  0x26, 0x0c, 0x02, 0x0e, 0x8d, 0xf0, 0x81, 0x00, 0xfc, 0x23, 0xea, 0xdd,
  0xde, 0x25, 0xeb, 0x0b, 0x3b, 0x38, 0xcb, 0x17, 0xcf, 0x2d, 0x34, 0xf0,
  0xf8, 0xcf, 0xc5, 0xc5, 0xd6, 0x17, 0xbf, 0xcd, 0xef, 0xd9, 0xcb, 0x1e,
  0x08, 0xfb, 0x36, 0x81, 0xfe, 0x83, 0x07, 0x1d, 0xf3, 0xe6, 0x06, 0x1d,
  0x2b, 0xf9, 0x1d, 0xfc, 0x0b, 0x07, 0xe2, 0xdb, 0xf1, 0xe3, 0xe4, 0xd4,
  0xc8, 0x16, 0xff, 0xf0, 0x01, 0xfe, 0x0c, 0x02, 0xff, 0xe9, 0xfd, 0x25,
  0xdd, 0x29, 0xb8, 0xdf, 0x81, 0xe1, 0x87, 0x26, 0x67, 0x79, 0xc9, 0xf9,
  0x43, 0x51, 0xd8, 0xb1, 0xd1, 0x30, 0x35, 0xf7, 0xd9, 0x0b, 0x25, 0x7f,
  0xdf, 0xe3, 0x35, 0xb8, 0x23, 0x1f, 0x5b, 0xd3, 0x1b, 0xd5, 0x1d, 0x07,
  0xec, 0x5a, 0x7c, 0x6a, 0x1a, 0x3e, 0x8d, 0xe3, 0xc1, 0x30, 0xd8, 0x47,
  0x0d, 0xfe, 0x16, 0xda, 0x0a, 0xac, 0x33, 0x09, 0xce, 0xab, 0x22, 0xd4,
  0x81, 0x94, 0x09, 0xb5, 0xe7, 0x28, 0xec, 0xb6, 0xe3, 0x4a, 0xf0, 0xc8,
  0xfd, 0xc2, 0x81, 0xe2, 0x2b, 0xa3, 0xe6, 0xd8, 0xf3, 0x32, 0x1c, 0x2d,
  0x30, 0xef, 0xb1, 0xe7, 0xff, 0x10, 0xe8, 0x12, 0xb6, 0x0f, 0xd1, 0xb3,
  0xe0, 0x02, 0xc7, 0xf0, 0xe7, 0x03, 0xf4, 0x03, 0x13, 0xd0, 0xc7, 0xf9,
  0xfd, 0x81, 0x08, 0xb9, 0xc8, 0xed, 0x81, 0x4b, 0x61, 0xf8, 0x49, 0xc7,
  0xf0, 0xda, 0xa7, 0xab, 0xe8, 0x0d, 0xd0, 0x03, 0x52, 0x9b, 0x9f, 0x3a,
  0xce, 0xe0, 0xc7, 0x5c, 0xbd, 0x19, 0xa0, 0x18, 0xb9, 0x9e, 0xd0, 0x95,
  0xb2, 0x24, 0x22, 0xe1, 0xe3, 0x11, 0x06, 0xef, 0xe4, 0x0b, 0x14, 0x0b,
  0xe2, 0xe6, 0xe6, 0x26, 0x0a, 0xea, 0x19, 0xef, 0xe0, 0xef, 0x18, 0x2b,
  0x12, 0x17, 0x0b, 0xee, 0x17, 0x05, 0xe9, 0x1b, 0x24, 0xb2, 0xd7, 0x81,
  0xe5, 0xd7, 0x3e, 0x2e, 0x3f, 0x1e, 0x35, 0x1d, 0x2d, 0x40, 0xb7, 0x3f,
  0xe0, 0x24, 0xc5, 0x19, 0x5f, 0x02, 0x74, 0x2f, 0xd8, 0xda, 0xba, 0x64,
  0x07, 0xed, 0xf0, 0x5f, 0x95, 0xe1, 0x47, 0x3f, 0x74, 0x41, 0x7f, 0x2c,
  0xdc, 0x24, 0x03, 0xf6, 0xcb, 0xba, 0x25, 0xee, 0xde, 0x19, 0x5f, 0x26,
  0x40, 0x21, 0xd5, 0x1f, 0x03, 0x57, 0xfe, 0xdd, 0x41, 0xf3, 0x41, 0x44,
  0x2f, 0xf5, 0x30, 0xd5, 0xef, 0xf3, 0x00, 0x66, 0x0b, 0x7f, 0x1d, 0x9e,
  0xfa, 0x16, 0x57, 0x48, 0xd3, 0x22, 0x07, 0xea, 0x19, 0x4b, 0xba, 0xe9,
  0xb7, 0x04, 0x7c, 0x2d, 0x17, 0x3c, 0x00, 0x22, 0x85, 0x31, 0xd4, 0x07,
  0xb5, 0x23, 0xd0, 0xcf, 0x5f, 0xe9, 0x79, 0x7f, 0x71, 0xeb, 0xe2, 0x1c,
  0x59, 0x18, 0x52, 0x35, 0xb5, 0x0a, 0x31, 0x4f, 0xcd, 0x34, 0x37, 0xfb,
  0x1b, 0xf5, 0x6b, 0x62, 0xc6, 0x36, 0xf3, 0xf7, 0x1c, 0x17, 0x2a, 0xd9,
  0x7f, 0xf4, 0x43, 0x49, 0x32, 0x5c, 0x4a, 0xff, 0x74, 0xa4, 0xf7, 0x5e,
  0x1e, 0xda, 0x92, 0x91, 0x02, 0xca, 0x92, 0x05, 0x84, 0x95, 0xcc, 0x3d,
  0x0e, 0xfe, 0x09, 0x05, 0x7f, 0x96, 0xe4, 0x2c, 0x25, 0xb8, 0xa9, 0x20,
  0x4f, 0xad, 0x70, 0x82, 0x15, 0xe4, 0x93, 0xe3, 0x27, 0xca, 0xc6, 0xe0,
  0x20, 0xe2, 0xe6, 0x24, 0xea, 0x2c, 0xd3, 0x35, 0xba, 0x21, 0x04, 0x02,
  0xbe, 0x19, 0x1d, 0xc9, 0xf6, 0x1f, 0xe8, 0xcb, 0x34, 0x33, 0xf3, 0x0c,
  0x32, 0xf3, 0xd8, 0xcb, 0xe2, 0x81, 0xdd, 0xcd, 0x00, 0x25, 0x5f, 0xd4,
  0xc3, 0x28, 0x41, 0x15, 0x42, 0x32, 0xf3, 0x02, 0xf2, 0x3c, 0x4a, 0x0b,
  0xf8, 0xe7, 0x35, 0x18, 0xfd, 0xde, 0x42, 0xf4, 0xfc, 0xfb, 0xb7, 0xe4,
  0x0c, 0x0b, 0x52, 0x16, 0x7f, 0x05, 0xf3, 0x2f, 0x19, 0x1d, 0x25, 0xe4,
  0xd3, 0x00, 0x2b, 0xf1, 0x66, 0x9b, 0x42, 0xe6, 0x10, 0x11, 0xcc, 0x2f,
  0x51, 0x59, 0xde, 0x82, 0x09, 0xde, 0xb3, 0x3f, 0x1f, 0x81, 0xff, 0x5f,
  0x25, 0x60, 0x51, 0x4f, 0x1a, 0xfc, 0xff, 0xff, 0x04, 0x00, 0x00, 0x00,
  0x40, 0x00, 0x00, 0x00, 0xaf, 0x01, 0x00, 0x00, 0xcb, 0x01, 0x00, 0x00,
  0xc9, 0x02, 0x00, 0x00, 0xae, 0xfc, 0xff, 0xff, 0x6c, 0x02, 0x00, 0x00,
  0xb9, 0x02, 0x00, 0x00, 0xc4, 0xfc, 0xff, 0xff, 0x8a, 0x03, 0x00, 0x00,
  0xeb, 0xfd, 0xff, 0xff, 0x70, 0xfe, 0xff, 0xff, 0xb1, 0xfe, 0xff, 0xff,
  0x6d, 0xfc, 0xff, 0xff, 0x4b, 0xff, 0xff, 0xff, 0xc6, 0x02, 0x00, 0x00,
  0xb8, 0xfd, 0xff, 0xff, 0x72, 0xfd, 0xff, 0xff, 0x66, 0xfc, 0xff, 0xff,
  0x04, 0x00, 0x00, 0x00, 0x10, 0x00, 0x00, 0x00, 0x5e, 0x59, 0x79, 0xd5,
  0x7f, 0x5f, 0xbb, 0x5b, 0xa1, 0xb4, 0x9a, 0xea, 0xfd, 0x69, 0xee, 0xcc,
  0x82, 0xfc, 0xff, 0xff, 0x04, 0x00, 0x00, 0x00, 0x04, 0x00, 0x00, 0x00,
  0x00, 0x00, 0x00, 0x00, 0x92, 0xfc, 0xff, 0xff, 0x04, 0x00, 0x00, 0x00,
  0x01, 0x00, 0x00, 0x00, 0x7f, 0x00, 0x00, 0x00, 0xa2, 0xfc, 0xff, 0xff,
  0x04, 0x00, 0x00, 0x00, 0x0c, 0x00, 0x00, 0x00, 0xff, 0xff, 0xff, 0xff,
  0x01, 0x00, 0x00, 0x00, 0x01, 0x00, 0x00, 0x00, 0xba, 0xfc, 0xff, 0xff,
  0x04, 0x00, 0x00, 0x00, 0x0c, 0x00, 0x00, 0x00, 0xff, 0xff, 0xff, 0xff,
  0x01, 0x00, 0x00, 0x00, 0x10, 0x00, 0x00, 0x00, 0xd2, 0xfc, 0xff, 0xff,
  0x04, 0x00, 0x00, 0x00, 0x0c, 0x00, 0x00, 0x00, 0xff, 0xff, 0xff, 0xff,
  0x01, 0x00, 0x00, 0x00, 0x20, 0x00, 0x00, 0x00, 0xea, 0xfc, 0xff, 0xff,
  0x04, 0x00, 0x00, 0x00, 0x0c, 0x00, 0x00, 0x00, 0xff, 0xff, 0xff, 0xff,
  0x20, 0x00, 0x00, 0x00, 0x20, 0x00, 0x00, 0x00, 0x02, 0xfd, 0xff, 0xff,
  0x04, 0x00, 0x00, 0x00, 0x0c, 0x00, 0x00, 0x00, 0xff, 0xff, 0xff, 0xff,
  0x40, 0x00, 0x00, 0x00, 0x20, 0x00, 0x00, 0x00, 0x1a, 0xfd, 0xff, 0xff,
  0x04, 0x00, 0x00, 0x00, 0x0c, 0x00, 0x00, 0x00, 0xff, 0xff, 0xff, 0xff,
  0x80, 0x00, 0x00, 0x00, 0x20, 0x00, 0x00, 0x00, 0x32, 0xfd, 0xff, 0xff,
  0x04, 0x00, 0x00, 0x00, 0x0c, 0x00, 0x00, 0x00, 0xff, 0xff, 0xff, 0xff,
  0x80, 0x00, 0x00, 0x00, 0x10, 0x00, 0x00, 0x00, 0x4a, 0xfd, 0xff, 0xff,
  0x04, 0x00, 0x00, 0x00, 0x04, 0x00, 0x00, 0x00, 0x01, 0x00, 0x00, 0x00,
  0x5a, 0xfd, 0xff, 0xff, 0x04, 0x00, 0x00, 0x00, 0x0c, 0x00, 0x00, 0x00,
  0xff, 0xff, 0xff, 0xff, 0x00, 0x01, 0x00, 0x00, 0x10, 0x00, 0x00, 0x00,
  0x72, 0xfd, 0xff, 0xff, 0x04, 0x00, 0x00, 0x00, 0x04, 0x00, 0x00, 0x00,
  0xfd, 0xff, 0xff, 0xff, 0x8c, 0xc9, 0xff, 0xff, 0x90, 0xc9, 0xff, 0xff,
  0x94, 0xc9, 0xff, 0xff, 0x0f, 0x00, 0x00, 0x00, 0x4d, 0x4c, 0x49, 0x52,
  0x20, 0x43, 0x6f, 0x6e, 0x76, 0x65, 0x72, 0x74, 0x65, 0x64, 0x2e, 0x00,
  0x01, 0x00, 0x00, 0x00, 0x14, 0x00, 0x00, 0x00, 0x00, 0x00, 0x0e, 0x00,
  0x18, 0x00, 0x14, 0x00, 0x10, 0x00, 0x0c, 0x00, 0x08, 0x00, 0x04, 0x00,
  0x0e, 0x00, 0x00, 0x00, 0x14, 0x00, 0x00, 0x00, 0x1c, 0x00, 0x00, 0x00,
  0xb4, 0x06, 0x00, 0x00, 0xb8, 0x06, 0x00, 0x00, 0xc0, 0x06, 0x00, 0x00,
  0x04, 0x00, 0x00, 0x00, 0x6d, 0x61, 0x69, 0x6e, 0x00, 0x00, 0x00, 0x00,
  0x1e, 0x00, 0x00, 0x00, 0x6c, 0x06, 0x00, 0x00, 0x0c, 0x06, 0x00, 0x00,
  0xd4, 0x05, 0x00, 0x00, 0x98, 0x05, 0x00, 0x00, 0x44, 0x05, 0x00, 0x00,
  0x0c, 0x05, 0x00, 0x00, 0xdc, 0x04, 0x00, 0x00, 0x98, 0x04, 0x00, 0x00,
  0x70, 0x04, 0x00, 0x00, 0x40, 0x04, 0x00, 0x00, 0xfc, 0x03, 0x00, 0x00,
  0xd4, 0x03, 0x00, 0x00, 0xa4, 0x03, 0x00, 0x00, 0x60, 0x03, 0x00, 0x00,
  0x38, 0x03, 0x00, 0x00, 0x08, 0x03, 0x00, 0x00, 0xc4, 0x02, 0x00, 0x00,
  0x9c, 0x02, 0x00, 0x00, 0x6c, 0x02, 0x00, 0x00, 0x18, 0x02, 0x00, 0x00,
  0xf0, 0x01, 0x00, 0x00, 0xb0, 0x01, 0x00, 0x00, 0x80, 0x01, 0x00, 0x00,
  0x2c, 0x01, 0x00, 0x00, 0x04, 0x01, 0x00, 0x00, 0xd4, 0x00, 0x00, 0x00,
  0x84, 0x00, 0x00, 0x00, 0x5c, 0x00, 0x00, 0x00, 0x28, 0x00, 0x00, 0x00,
  0x04, 0x00, 0x00, 0x00, 0xa6, 0xfa, 0xff, 0xff, 0x0c, 0x00, 0x00, 0x00,
  0x10, 0x00, 0x00, 0x00, 0x07, 0x00, 0x00, 0x00, 0x01, 0x00, 0x00, 0x00,
  0x36, 0x00, 0x00, 0x00, 0x01, 0x00, 0x00, 0x00, 0x35, 0x00, 0x00, 0x00,
  0x96, 0xfa, 0xff, 0xff, 0x14, 0x00, 0x00, 0x00, 0x00, 0x00, 0x00, 0x0b,
  0x10, 0x00, 0x00, 0x00, 0x14, 0x00, 0x00, 0x00, 0x06, 0x00, 0x00, 0x00,
  0x9c, 0xca, 0xff, 0xff, 0x01, 0x00, 0x00, 0x00, 0x35, 0x00, 0x00, 0x00,
  0x02, 0x00, 0x00, 0x00, 0x34, 0x00, 0x00, 0x00, 0x0c, 0x00, 0x00, 0x00,
  0xf6, 0xfa, 0xff, 0xff, 0x0c, 0x00, 0x00, 0x00, 0x10, 0x00, 0x00, 0x00,
  0x02, 0x00, 0x00, 0x00, 0x01, 0x00, 0x00, 0x00, 0x34, 0x00, 0x00, 0x00,
  0x02, 0x00, 0x00, 0x00, 0x33, 0x00, 0x00, 0x00, 0x0b, 0x00, 0x00, 0x00,
  0xa6, 0xfb, 0xff, 0xff, 0x20, 0x00, 0x00, 0x00, 0x00, 0x00, 0x00, 0x01,
  0x28, 0x00, 0x00, 0x00, 0x2c, 0x00, 0x00, 0x00, 0x01, 0x00, 0x00, 0x00,
  0x00, 0x00, 0x0a, 0x00, 0x10, 0x00, 0x0f, 0x00, 0x08, 0x00, 0x04, 0x00,
  0x0a, 0x00, 0x00, 0x00, 0x01, 0x00, 0x00, 0x00, 0x01, 0x00, 0x00, 0x00,
  0x00, 0x00, 0x00, 0x01, 0x01, 0x00, 0x00, 0x00, 0x33, 0x00, 0x00, 0x00,
  0x03, 0x00, 0x00, 0x00, 0x32, 0x00, 0x00, 0x00, 0x0e, 0x00, 0x00, 0x00,
  0x0d, 0x00, 0x00, 0x00, 0xda, 0xfa, 0xff, 0xff, 0x10, 0x00, 0x00, 0x00,
  0x00, 0x00, 0x00, 0x34, 0x0c, 0x00, 0x00, 0x00, 0x10, 0x00, 0x00, 0x00,
  0x38, 0xcb, 0xff, 0xff, 0x01, 0x00, 0x00, 0x00, 0x32, 0x00, 0x00, 0x00,
  0x02, 0x00, 0x00, 0x00, 0x31, 0x00, 0x00, 0x00, 0x02, 0x00, 0x00, 0x00,
  0x92, 0xfb, 0xff, 0xff, 0x0c, 0x00, 0x00, 0x00, 0x10, 0x00, 0x00, 0x00,
  0x02, 0x00, 0x00, 0x00, 0x01, 0x00, 0x00, 0x00, 0x31, 0x00, 0x00, 0x00,
  0x02, 0x00, 0x00, 0x00, 0x30, 0x00, 0x00, 0x00, 0x0a, 0x00, 0x00, 0x00,
  0x86, 0xfb, 0xff, 0xff, 0x20, 0x00, 0x00, 0x00, 0x00, 0x00, 0x00, 0x01,
  0x2c, 0x00, 0x00, 0x00, 0x30, 0x00, 0x00, 0x00, 0x01, 0x00, 0x00, 0x00,
  0x0c, 0x00, 0x14, 0x00, 0x13, 0x00, 0x0c, 0x00, 0x08, 0x00, 0x07, 0x00,
  0x0c, 0x00, 0x00, 0x00, 0x00, 0x00, 0x00, 0x01, 0x01, 0x00, 0x00, 0x00,
  0x01, 0x00, 0x00, 0x00, 0x00, 0x00, 0x00, 0x01, 0x01, 0x00, 0x00, 0x00,
  0x30, 0x00, 0x00, 0x00, 0x03, 0x00, 0x00, 0x00, 0x2f, 0x00, 0x00, 0x00,
  0x10, 0x00, 0x00, 0x00, 0x0f, 0x00, 0x00, 0x00, 0x7a, 0xfb, 0xff, 0xff,
  0x10, 0x00, 0x00, 0x00, 0x00, 0x00, 0x00, 0x34, 0x0c, 0x00, 0x00, 0x00,
  0x10, 0x00, 0x00, 0x00, 0xd8, 0xcb, 0xff, 0xff, 0x01, 0x00, 0x00, 0x00,
  0x2f, 0x00, 0x00, 0x00, 0x02, 0x00, 0x00, 0x00, 0x2e, 0x00, 0x00, 0x00,
  0x02, 0x00, 0x00, 0x00, 0xbe, 0xfc, 0xff, 0xff, 0x1c, 0x00, 0x00, 0x00,
  0x00, 0x00, 0x00, 0x0a, 0x1c, 0x00, 0x00, 0x00, 0x20, 0x00, 0x00, 0x00,
  0x05, 0x00, 0x00, 0x00, 0x00, 0x00, 0x06, 0x00, 0x08, 0x00, 0x04, 0x00,
  0x06, 0x00, 0x00, 0x00, 0xff, 0xff, 0xff, 0xff, 0x01, 0x00, 0x00, 0x00,
  0x2e, 0x00, 0x00, 0x00, 0x02, 0x00, 0x00, 0x00, 0x2d, 0x00, 0x00, 0x00,
  0x00, 0x00, 0x00, 0x00, 0x6e, 0xfc, 0xff, 0xff, 0x0c, 0x00, 0x00, 0x00,
  0x10, 0x00, 0x00, 0x00, 0x02, 0x00, 0x00, 0x00, 0x01, 0x00, 0x00, 0x00,
  0x2d, 0x00, 0x00, 0x00, 0x02, 0x00, 0x00, 0x00, 0x2c, 0x00, 0x00, 0x00,
  0x09, 0x00, 0x00, 0x00, 0x62, 0xfc, 0xff, 0xff, 0x20, 0x00, 0x00, 0x00,
  0x00, 0x00, 0x00, 0x02, 0x2c, 0x00, 0x00, 0x00, 0x30, 0x00, 0x00, 0x00,
  0x04, 0x00, 0x00, 0x00, 0x0c, 0x00, 0x14, 0x00, 0x13, 0x00, 0x0c, 0x00,
  0x08, 0x00, 0x04, 0x00, 0x0c, 0x00, 0x00, 0x00, 0x01, 0x00, 0x00, 0x00,
  0x01, 0x00, 0x00, 0x00, 0x01, 0x00, 0x00, 0x00, 0x00, 0x00, 0x00, 0x01,
  0x01, 0x00, 0x00, 0x00, 0x2c, 0x00, 0x00, 0x00, 0x03, 0x00, 0x00, 0x00,
  0x2b, 0x00, 0x00, 0x00, 0x12, 0x00, 0x00, 0x00, 0x11, 0x00, 0x00, 0x00,
  0x56, 0xfc, 0xff, 0xff, 0x10, 0x00, 0x00, 0x00, 0x00, 0x00, 0x00, 0x34,
  0x0c, 0x00, 0x00, 0x00, 0x10, 0x00, 0x00, 0x00, 0xb4, 0xcc, 0xff, 0xff,
  0x01, 0x00, 0x00, 0x00, 0x2b, 0x00, 0x00, 0x00, 0x02, 0x00, 0x00, 0x00,
  0x2a, 0x00, 0x00, 0x00, 0x04, 0x00, 0x00, 0x00, 0x0e, 0xfd, 0xff, 0xff,
  0x0c, 0x00, 0x00, 0x00, 0x10, 0x00, 0x00, 0x00, 0x02, 0x00, 0x00, 0x00,
  0x01, 0x00, 0x00, 0x00, 0x2a, 0x00, 0x00, 0x00, 0x02, 0x00, 0x00, 0x00,
  0x29, 0x00, 0x00, 0x00, 0x08, 0x00, 0x00, 0x00, 0x02, 0xfd, 0xff, 0xff,
  0x14, 0x00, 0x00, 0x00, 0x00, 0x00, 0x00, 0x05, 0x24, 0x00, 0x00, 0x00,
  0x28, 0x00, 0x00, 0x00, 0x03, 0x00, 0x00, 0x00, 0xae, 0xfd, 0xff, 0xff,
  0x01, 0x00, 0x00, 0x00, 0x02, 0x00, 0x00, 0x00, 0x01, 0x00, 0x00, 0x00,
  0x02, 0x00, 0x00, 0x00, 0x00, 0x00, 0x00, 0x01, 0x01, 0x00, 0x00, 0x00,
  0x29, 0x00, 0x00, 0x00, 0x01, 0x00, 0x00, 0x00, 0x28, 0x00, 0x00, 0x00,
  0xe6, 0xfc, 0xff, 0xff, 0x10, 0x00, 0x00, 0x00, 0x00, 0x00, 0x00, 0x34,
  0x0c, 0x00, 0x00, 0x00, 0x10, 0x00, 0x00, 0x00, 0x44, 0xcd, 0xff, 0xff,
  0x01, 0x00, 0x00, 0x00, 0x28, 0x00, 0x00, 0x00, 0x02, 0x00, 0x00, 0x00,
  0x27, 0x00, 0x00, 0x00, 0x04, 0x00, 0x00, 0x00, 0x9e, 0xfd, 0xff, 0xff,
  0x0c, 0x00, 0x00, 0x00, 0x10, 0x00, 0x00, 0x00, 0x02, 0x00, 0x00, 0x00,
  0x01, 0x00, 0x00, 0x00, 0x27, 0x00, 0x00, 0x00, 0x02, 0x00, 0x00, 0x00,
  0x26, 0x00, 0x00, 0x00, 0x07, 0x00, 0x00, 0x00, 0x92, 0xfd, 0xff, 0xff,
  0x14, 0x00, 0x00, 0x00, 0x00, 0x00, 0x00, 0x01, 0x1c, 0x00, 0x00, 0x00,
  0x20, 0x00, 0x00, 0x00, 0x01, 0x00, 0x00, 0x00, 0x84, 0xfd, 0xff, 0xff,
  0x00, 0x00, 0x00, 0x01, 0x01, 0x00, 0x00, 0x00, 0x01, 0x00, 0x00, 0x00,
  0x01, 0x00, 0x00, 0x00, 0x26, 0x00, 0x00, 0x00, 0x03, 0x00, 0x00, 0x00,
  0x25, 0x00, 0x00, 0x00, 0x14, 0x00, 0x00, 0x00, 0x13, 0x00, 0x00, 0x00,
  0x76, 0xfd, 0xff, 0xff, 0x10, 0x00, 0x00, 0x00, 0x00, 0x00, 0x00, 0x34,
  0x0c, 0x00, 0x00, 0x00, 0x10, 0x00, 0x00, 0x00, 0xd4, 0xcd, 0xff, 0xff,
  0x01, 0x00, 0x00, 0x00, 0x25, 0x00, 0x00, 0x00, 0x02, 0x00, 0x00, 0x00,
  0x24, 0x00, 0x00, 0x00, 0x02, 0x00, 0x00, 0x00, 0x2e, 0xfe, 0xff, 0xff,
  0x0c, 0x00, 0x00, 0x00, 0x10, 0x00, 0x00, 0x00, 0x02, 0x00, 0x00, 0x00,
  0x01, 0x00, 0x00, 0x00, 0x24, 0x00, 0x00, 0x00, 0x02, 0x00, 0x00, 0x00,
  0x23, 0x00, 0x00, 0x00, 0x07, 0x00, 0x00, 0x00, 0x22, 0xfe, 0xff, 0xff,
  0x14, 0x00, 0x00, 0x00, 0x00, 0x00, 0x00, 0x05, 0x24, 0x00, 0x00, 0x00,
  0x28, 0x00, 0x00, 0x00, 0x03, 0x00, 0x00, 0x00, 0xce, 0xfe, 0xff, 0xff,
  0x01, 0x00, 0x00, 0x00, 0x02, 0x00, 0x00, 0x00, 0x01, 0x00, 0x00, 0x00,
  0x02, 0x00, 0x00, 0x00, 0x00, 0x00, 0x00, 0x01, 0x01, 0x00, 0x00, 0x00,
  0x23, 0x00, 0x00, 0x00, 0x01, 0x00, 0x00, 0x00, 0x22, 0x00, 0x00, 0x00,
  0x06, 0xfe, 0xff, 0xff, 0x10, 0x00, 0x00, 0x00, 0x00, 0x00, 0x00, 0x34,
  0x0c, 0x00, 0x00, 0x00, 0x10, 0x00, 0x00, 0x00, 0x64, 0xce, 0xff, 0xff,
  0x01, 0x00, 0x00, 0x00, 0x22, 0x00, 0x00, 0x00, 0x02, 0x00, 0x00, 0x00,
  0x21, 0x00, 0x00, 0x00, 0x04, 0x00, 0x00, 0x00, 0xbe, 0xfe, 0xff, 0xff,
  0x0c, 0x00, 0x00, 0x00, 0x10, 0x00, 0x00, 0x00, 0x02, 0x00, 0x00, 0x00,
  0x01, 0x00, 0x00, 0x00, 0x21, 0x00, 0x00, 0x00, 0x02, 0x00, 0x00, 0x00,
  0x20, 0x00, 0x00, 0x00, 0x06, 0x00, 0x00, 0x00, 0xb2, 0xfe, 0xff, 0xff,
  0x14, 0x00, 0x00, 0x00, 0x00, 0x00, 0x00, 0x01, 0x1c, 0x00, 0x00, 0x00,
  0x20, 0x00, 0x00, 0x00, 0x01, 0x00, 0x00, 0x00, 0xa4, 0xfe, 0xff, 0xff,
  0x00, 0x00, 0x00, 0x01, 0x01, 0x00, 0x00, 0x00, 0x01, 0x00, 0x00, 0x00,
  0x01, 0x00, 0x00, 0x00, 0x20, 0x00, 0x00, 0x00, 0x03, 0x00, 0x00, 0x00,
  0x1f, 0x00, 0x00, 0x00, 0x16, 0x00, 0x00, 0x00, 0x15, 0x00, 0x00, 0x00,
  0x96, 0xfe, 0xff, 0xff, 0x10, 0x00, 0x00, 0x00, 0x00, 0x00, 0x00, 0x34,
  0x0c, 0x00, 0x00, 0x00, 0x10, 0x00, 0x00, 0x00, 0xf4, 0xce, 0xff, 0xff,
  0x01, 0x00, 0x00, 0x00, 0x1f, 0x00, 0x00, 0x00, 0x02, 0x00, 0x00, 0x00,
  0x1e, 0x00, 0x00, 0x00, 0x02, 0x00, 0x00, 0x00, 0x4e, 0xff, 0xff, 0xff,
  0x0c, 0x00, 0x00, 0x00, 0x10, 0x00, 0x00, 0x00, 0x02, 0x00, 0x00, 0x00,
  0x01, 0x00, 0x00, 0x00, 0x1e, 0x00, 0x00, 0x00, 0x02, 0x00, 0x00, 0x00,
  0x1d, 0x00, 0x00, 0x00, 0x05, 0x00, 0x00, 0x00, 0x00, 0x00, 0x0e, 0x00,
  0x1a, 0x00, 0x14, 0x00, 0x10, 0x00, 0x0c, 0x00, 0x0b, 0x00, 0x04, 0x00,
  0x0e, 0x00, 0x00, 0x00, 0x24, 0x00, 0x00, 0x00, 0x00, 0x00, 0x00, 0x05,
  0x34, 0x00, 0x00, 0x00, 0x38, 0x00, 0x00, 0x00, 0x03, 0x00, 0x00, 0x00,
  0x00, 0x00, 0x0e, 0x00, 0x18, 0x00, 0x17, 0x00, 0x10, 0x00, 0x0c, 0x00,
  0x08, 0x00, 0x04, 0x00, 0x0e, 0x00, 0x00, 0x00, 0x01, 0x00, 0x00, 0x00,
  0x02, 0x00, 0x00, 0x00, 0x01, 0x00, 0x00, 0x00, 0x02, 0x00, 0x00, 0x00,
  0x00, 0x00, 0x00, 0x01, 0x01, 0x00, 0x00, 0x00, 0x1d, 0x00, 0x00, 0x00,
  0x01, 0x00, 0x00, 0x00, 0x1c, 0x00, 0x00, 0x00, 0x46, 0xff, 0xff, 0xff,
  0x10, 0x00, 0x00, 0x00, 0x00, 0x00, 0x00, 0x34, 0x0c, 0x00, 0x00, 0x00,
  0x10, 0x00, 0x00, 0x00, 0xa4, 0xcf, 0xff, 0xff, 0x01, 0x00, 0x00, 0x00,
  0x1c, 0x00, 0x00, 0x00, 0x02, 0x00, 0x00, 0x00, 0x1b, 0x00, 0x00, 0x00,
  0x04, 0x00, 0x00, 0x00, 0x00, 0x00, 0x0a, 0x00, 0x10, 0x00, 0x0c, 0x00,
  0x08, 0x00, 0x04, 0x00, 0x0a, 0x00, 0x00, 0x00, 0x0c, 0x00, 0x00, 0x00,
  0x10, 0x00, 0x00, 0x00, 0x02, 0x00, 0x00, 0x00, 0x01, 0x00, 0x00, 0x00,
  0x1b, 0x00, 0x00, 0x00, 0x02, 0x00, 0x00, 0x00, 0x1a, 0x00, 0x00, 0x00,
  0x03, 0x00, 0x00, 0x00, 0x00, 0x00, 0x0e, 0x00, 0x18, 0x00, 0x14, 0x00,
  0x10, 0x00, 0x0c, 0x00, 0x0b, 0x00, 0x04, 0x00, 0x0e, 0x00, 0x00, 0x00,
  0x20, 0x00, 0x00, 0x00, 0x00, 0x00, 0x00, 0x01, 0x28, 0x00, 0x00, 0x00,
  0x2c, 0x00, 0x00, 0x00, 0x01, 0x00, 0x00, 0x00, 0x0c, 0x00, 0x10, 0x00,
  0x00, 0x00, 0x0c, 0x00, 0x08, 0x00, 0x07, 0x00, 0x0c, 0x00, 0x00, 0x00,
  0x00, 0x00, 0x00, 0x01, 0x01, 0x00, 0x00, 0x00, 0x01, 0x00, 0x00, 0x00,
  0x01, 0x00, 0x00, 0x00, 0x1a, 0x00, 0x00, 0x00, 0x03, 0x00, 0x00, 0x00,
  0x19, 0x00, 0x00, 0x00, 0x18, 0x00, 0x00, 0x00, 0x17, 0x00, 0x00, 0x00,
  0x00, 0x00, 0x0e, 0x00, 0x14, 0x00, 0x00, 0x00, 0x10, 0x00, 0x0c, 0x00,
  0x0b, 0x00, 0x04, 0x00, 0x0e, 0x00, 0x00, 0x00, 0x10, 0x00, 0x00, 0x00,
  0x00, 0x00, 0x00, 0x34, 0x0c, 0x00, 0x00, 0x00, 0x10, 0x00, 0x00, 0x00,
  0x6c, 0xd0, 0xff, 0xff, 0x01, 0x00, 0x00, 0x00, 0x19, 0x00, 0x00, 0x00,
  0x02, 0x00, 0x00, 0x00, 0x01, 0x00, 0x00, 0x00, 0x02, 0x00, 0x00, 0x00,
  0x01, 0x00, 0x00, 0x00, 0x36, 0x00, 0x00, 0x00, 0x02, 0x00, 0x00, 0x00,
  0x00, 0x00, 0x00, 0x00, 0x01, 0x00, 0x00, 0x00, 0x37, 0x00, 0x00, 0x00,
  0x20, 0x30, 0x00, 0x00, 0x80, 0x2f, 0x00, 0x00, 0x40, 0x2f, 0x00, 0x00,
  0xc4, 0x2e, 0x00, 0x00, 0x88, 0x2e, 0x00, 0x00, 0x20, 0x2e, 0x00, 0x00,
  0xbc, 0x2d, 0x00, 0x00, 0x7c, 0x2d, 0x00, 0x00, 0x14, 0x2d, 0x00, 0x00,
  0xbc, 0x2c, 0x00, 0x00, 0x58, 0x2c, 0x00, 0x00, 0xf0, 0x2b, 0x00, 0x00,
  0x70, 0x2b, 0x00, 0x00, 0xf4, 0x2a, 0x00, 0x00, 0x68, 0x2a, 0x00, 0x00,
  0x8c, 0x28, 0x00, 0x00, 0x50, 0x27, 0x00, 0x00, 0x7c, 0x25, 0x00, 0x00,
  0x70, 0x23, 0x00, 0x00, 0xc4, 0x20, 0x00, 0x00, 0xc8, 0x1e, 0x00, 0x00,
  0x34, 0x1c, 0x00, 0x00, 0x38, 0x1a, 0x00, 0x00, 0x6c, 0x18, 0x00, 0x00,
  0x30, 0x17, 0x00, 0x00, 0x8c, 0x16, 0x00, 0x00, 0x50, 0x15, 0x00, 0x00,
  0x48, 0x14, 0x00, 0x00, 0x98, 0x13, 0x00, 0x00, 0xf4, 0x12, 0x00, 0x00,
  0x54, 0x12, 0x00, 0x00, 0xac, 0x11, 0x00, 0x00, 0x68, 0x10, 0x00, 0x00,
  0x58, 0x0f, 0x00, 0x00, 0xa8, 0x0e, 0x00, 0x00, 0x04, 0x0e, 0x00, 0x00,
  0x64, 0x0d, 0x00, 0x00, 0xbc, 0x0c, 0x00, 0x00, 0x78, 0x0b, 0x00, 0x00,
  0x68, 0x0a, 0x00, 0x00, 0xb8, 0x09, 0x00, 0x00, 0x14, 0x09, 0x00, 0x00,
  0x6c, 0x08, 0x00, 0x00, 0xd4, 0x07, 0x00, 0x00, 0x38, 0x07, 0x00, 0x00,
  0xa8, 0x06, 0x00, 0x00, 0x14, 0x06, 0x00, 0x00, 0x6c, 0x05, 0x00, 0x00,
  0x20, 0x04, 0x00, 0x00, 0x08, 0x03, 0x00, 0x00, 0x60, 0x02, 0x00, 0x00,
  0xbc, 0x01, 0x00, 0x00, 0x1c, 0x01, 0x00, 0x00, 0x88, 0x00, 0x00, 0x00,
  0x04, 0x00, 0x00, 0x00, 0xd2, 0xd0, 0xff, 0xff, 0x00, 0x00, 0x00, 0x01,
  0x18, 0x00, 0x00, 0x00, 0x24, 0x00, 0x00, 0x00, 0x40, 0x00, 0x00, 0x00,
  0x37, 0x00, 0x00, 0x00, 0x00, 0x00, 0x00, 0x09, 0x54, 0x00, 0x00, 0x00,
  0x03, 0x00, 0x00, 0x00, 0xff, 0xff, 0xff, 0xff, 0x01, 0x00, 0x00, 0x00,
  0x01, 0x00, 0x00, 0x00, 0xbc, 0xd0, 0xff, 0xff, 0x08, 0x00, 0x00, 0x00,
  0x10, 0x00, 0x00, 0x00, 0x01, 0x00, 0x00, 0x00, 0x80, 0xff, 0xff, 0xff,
  0xff, 0xff, 0xff, 0xff, 0x01, 0x00, 0x00, 0x00, 0x00, 0x00, 0x80, 0x3b,
  0x1b, 0x00, 0x00, 0x00, 0x53, 0x74, 0x61, 0x74, 0x65, 0x66, 0x75, 0x6c,
  0x50, 0x61, 0x72, 0x74, 0x69, 0x74, 0x69, 0x6f, 0x6e, 0x65, 0x64, 0x43,
  0x61, 0x6c, 0x6c, 0x5f, 0x31, 0x3a, 0x30, 0x00, 0x03, 0x00, 0x00, 0x00,
  0x01, 0x00, 0x00, 0x00, 0x01, 0x00, 0x00, 0x00, 0x01, 0x00, 0x00, 0x00,
  0x52, 0xd1, 0xff, 0xff, 0x00, 0x00, 0x00, 0x01, 0x18, 0x00, 0x00, 0x00,
  0x24, 0x00, 0x00, 0x00, 0x44, 0x00, 0x00, 0x00, 0x36, 0x00, 0x00, 0x00,
  0x00, 0x00, 0x00, 0x09, 0x64, 0x00, 0x00, 0x00, 0x03, 0x00, 0x00, 0x00,
  0xff, 0xff, 0xff, 0xff, 0x01, 0x00, 0x00, 0x00, 0x01, 0x00, 0x00, 0x00,
  0x3c, 0xd1, 0xff, 0xff, 0x08, 0x00, 0x00, 0x00, 0x14, 0x00, 0x00, 0x00,
  0x01, 0x00, 0x00, 0x00, 0xf2, 0xff, 0xff, 0xff, 0xff, 0xff, 0xff, 0xff,
  0x00, 0x00, 0x00, 0x00, 0x01, 0x00, 0x00, 0x00, 0xf7, 0x31, 0x70, 0x3d,
  0x24, 0x00, 0x00, 0x00, 0x68, 0x79, 0x62, 0x72, 0x69, 0x64, 0x5f, 0x65,
  0x63, 0x67, 0x5f, 0x64, 0x65, 0x70, 0x6c, 0x6f, 0x79, 0x5f, 0x31, 0x2f,
  0x61, 0x72, 0x72, 0x68, 0x79, 0x74, 0x68, 0x6d, 0x69, 0x61, 0x5f, 0x31,
  0x2f, 0x41, 0x64, 0x64, 0x00, 0x00, 0x00, 0x00, 0x03, 0x00, 0x00, 0x00,
  0x01, 0x00, 0x00, 0x00, 0x01, 0x00, 0x00, 0x00, 0x01, 0x00, 0x00, 0x00,
  0xe2, 0xd1, 0xff, 0xff, 0x00, 0x00, 0x00, 0x01, 0x18, 0x00, 0x00, 0x00,
  0x24, 0x00, 0x00, 0x00, 0x40, 0x00, 0x00, 0x00, 0x35, 0x00, 0x00, 0x00,
  0x00, 0x00, 0x00, 0x09, 0x70, 0x00, 0x00, 0x00, 0x03, 0x00, 0x00, 0x00,
  0xff, 0xff, 0xff, 0xff, 0x01, 0x00, 0x00, 0x00, 0x01, 0x00, 0x00, 0x00,
  0xcc, 0xd1, 0xff, 0xff, 0x08, 0x00, 0x00, 0x00, 0x10, 0x00, 0x00, 0x00,
  0x01, 0x00, 0x00, 0x00, 0xf3, 0xff, 0xff, 0xff, 0xff, 0xff, 0xff, 0xff,
  0x01, 0x00, 0x00, 0x00, 0xf6, 0x31, 0x70, 0x3d, 0x35, 0x00, 0x00, 0x00,
  0x68, 0x79, 0x62, 0x72, 0x69, 0x64, 0x5f, 0x65, 0x63, 0x67, 0x5f, 0x64,
  0x65, 0x70, 0x6c, 0x6f, 0x79, 0x5f, 0x31, 0x2f, 0x61, 0x72, 0x72, 0x68,
  0x79, 0x74, 0x68, 0x6d, 0x69, 0x61, 0x5f, 0x31, 0x2f, 0x63, 0x6f, 0x6e,
  0x76, 0x6f, 0x6c, 0x75, 0x74, 0x69, 0x6f, 0x6e, 0x2f, 0x53, 0x71, 0x75,
  0x65, 0x65, 0x7a, 0x65, 0x31, 0x00, 0x00, 0x00, 0x03, 0x00, 0x00, 0x00,
  0x01, 0x00, 0x00, 0x00, 0x01, 0x00, 0x00, 0x00, 0x01, 0x00, 0x00, 0x00,
  0x7e, 0xd2, 0xff, 0xff, 0x00, 0x00, 0x00, 0x01, 0x18, 0x00, 0x00, 0x00,
  0x28, 0x00, 0x00, 0x00, 0x48, 0x00, 0x00, 0x00, 0x34, 0x00, 0x00, 0x00,
  0x00, 0x00, 0x00, 0x09, 0x70, 0x00, 0x00, 0x00, 0x04, 0x00, 0x00, 0x00,
  0xff, 0xff, 0xff, 0xff, 0x01, 0x00, 0x00, 0x00, 0x01, 0x00, 0x00, 0x00,
  0x01, 0x00, 0x00, 0x00, 0x6c, 0xd2, 0xff, 0xff, 0x08, 0x00, 0x00, 0x00,
  0x14, 0x00, 0x00, 0x00, 0x01, 0x00, 0x00, 0x00, 0xf3, 0xff, 0xff, 0xff,
  0xff, 0xff, 0xff, 0xff, 0x00, 0x00, 0x00, 0x00, 0x01, 0x00, 0x00, 0x00,
  0xf6, 0x31, 0x70, 0x3d, 0x2d, 0x00, 0x00, 0x00, 0x68, 0x79, 0x62, 0x72,
  0x69, 0x64, 0x5f, 0x65, 0x63, 0x67, 0x5f, 0x64, 0x65, 0x70, 0x6c, 0x6f,
  0x79, 0x5f, 0x31, 0x2f, 0x61, 0x72, 0x72, 0x68, 0x79, 0x74, 0x68, 0x6d,
  0x69, 0x61, 0x5f, 0x31, 0x2f, 0x63, 0x6f, 0x6e, 0x76, 0x6f, 0x6c, 0x75,
  0x74, 0x69, 0x6f, 0x6e, 0x32, 0x00, 0x00, 0x00, 0x04, 0x00, 0x00, 0x00,
  0x01, 0x00, 0x00, 0x00, 0x01, 0x00, 0x00, 0x00, 0x01, 0x00, 0x00, 0x00,
  0x01, 0x00, 0x00, 0x00, 0x1e, 0xd3, 0xff, 0xff, 0x00, 0x00, 0x00, 0x01,
  0x18, 0x00, 0x00, 0x00, 0x28, 0x00, 0x00, 0x00, 0x44, 0x00, 0x00, 0x00,
  0x33, 0x00, 0x00, 0x00, 0x00, 0x00, 0x00, 0x09, 0x74, 0x00, 0x00, 0x00,
  0x04, 0x00, 0x00, 0x00, 0xff, 0xff, 0xff, 0xff, 0x01, 0x00, 0x00, 0x00,
  0x01, 0x00, 0x00, 0x00, 0x10, 0x00, 0x00, 0x00, 0x0c, 0xd3, 0xff, 0xff,
  0x08, 0x00, 0x00, 0x00, 0x10, 0x00, 0x00, 0x00, 0x01, 0x00, 0x00, 0x00,
  0x80, 0xff, 0xff, 0xff, 0xff, 0xff, 0xff, 0xff, 0x01, 0x00, 0x00, 0x00,
  0x5a, 0xf5, 0x4d, 0x3c, 0x37, 0x00, 0x00, 0x00, 0x68, 0x79, 0x62, 0x72,
  0x69, 0x64, 0x5f, 0x65, 0x63, 0x67, 0x5f, 0x64, 0x65, 0x70, 0x6c, 0x6f,
  0x79, 0x5f, 0x31, 0x2f, 0x61, 0x72, 0x72, 0x68, 0x79, 0x74, 0x68, 0x6d,
  0x69, 0x61, 0x5f, 0x31, 0x2f, 0x63, 0x6f, 0x6e, 0x76, 0x6f, 0x6c, 0x75,
  0x74, 0x69, 0x6f, 0x6e, 0x2f, 0x45, 0x78, 0x70, 0x61, 0x6e, 0x64, 0x44,
  0x69, 0x6d, 0x73, 0x00, 0x04, 0x00, 0x00, 0x00, 0x01, 0x00, 0x00, 0x00,
  0x01, 0x00, 0x00, 0x00, 0x01, 0x00, 0x00, 0x00, 0x10, 0x00, 0x00, 0x00,
  0xc2, 0xd3, 0xff, 0xff, 0x00, 0x00, 0x00, 0x01, 0x18, 0x00, 0x00, 0x00,
  0x24, 0x00, 0x00, 0x00, 0x44, 0x00, 0x00, 0x00, 0x32, 0x00, 0x00, 0x00,
  0x00, 0x00, 0x00, 0x09, 0xe8, 0x00, 0x00, 0x00, 0x03, 0x00, 0x00, 0x00,
  0xff, 0xff, 0xff, 0xff, 0x01, 0x00, 0x00, 0x00, 0x10, 0x00, 0x00, 0x00,
  0xac, 0xd3, 0xff, 0xff, 0x08, 0x00, 0x00, 0x00, 0x14, 0x00, 0x00, 0x00,
  0x01, 0x00, 0x00, 0x00, 0x80, 0xff, 0xff, 0xff, 0xff, 0xff, 0xff, 0xff,
  0x00, 0x00, 0x00, 0x00, 0x01, 0x00, 0x00, 0x00, 0x5a, 0xf5, 0x4d, 0x3c,
  0xa8, 0x00, 0x00, 0x00, 0x68, 0x79, 0x62, 0x72, 0x69, 0x64, 0x5f, 0x65,
  0x63, 0x67, 0x5f, 0x64, 0x65, 0x70, 0x6c, 0x6f, 0x79, 0x5f, 0x31, 0x2f,
  0x64, 0x65, 0x6e, 0x73, 0x65, 0x5f, 0x31, 0x78, 0x31, 0x5f, 0x31, 0x2f,
  0x52, 0x65, 0x6c, 0x75, 0x3b, 0x68, 0x79, 0x62, 0x72, 0x69, 0x64, 0x5f,
  0x65, 0x63, 0x67, 0x5f, 0x64, 0x65, 0x70, 0x6c, 0x6f, 0x79, 0x5f, 0x31,
  0x2f, 0x64, 0x65, 0x6e, 0x73, 0x65, 0x5f, 0x31, 0x78, 0x31, 0x5f, 0x31,
  0x2f, 0x42, 0x69, 0x61, 0x73, 0x41, 0x64, 0x64, 0x3b, 0x68, 0x79, 0x62,
  0x72, 0x69, 0x64, 0x5f, 0x65, 0x63, 0x67, 0x5f, 0x64, 0x65, 0x70, 0x6c,
  0x6f, 0x79, 0x5f, 0x31, 0x2f, 0x64, 0x65, 0x6e, 0x73, 0x65, 0x5f, 0x31,
  0x78, 0x31, 0x5f, 0x31, 0x2f, 0x63, 0x6f, 0x6e, 0x76, 0x6f, 0x6c, 0x75,
  0x74, 0x69, 0x6f, 0x6e, 0x2f, 0x53, 0x71, 0x75, 0x65, 0x65, 0x7a, 0x65,
  0x3b, 0x68, 0x79, 0x62, 0x72, 0x69, 0x64, 0x5f, 0x65, 0x63, 0x67, 0x5f,
  0x64, 0x65, 0x70, 0x6c, 0x6f, 0x79, 0x5f, 0x31, 0x2f, 0x64, 0x65, 0x6e,
  0x73, 0x65, 0x5f, 0x31, 0x78, 0x31, 0x5f, 0x31, 0x2f, 0x53, 0x71, 0x75,
  0x65, 0x65, 0x7a, 0x65, 0x00, 0x00, 0x00, 0x00, 0x03, 0x00, 0x00, 0x00,
  0x01, 0x00, 0x00, 0x00, 0x01, 0x00, 0x00, 0x00, 0x10, 0x00, 0x00, 0x00,
  0xd6, 0xd4, 0xff, 0xff, 0x00, 0x00, 0x00, 0x01, 0x18, 0x00, 0x00, 0x00,
  0x28, 0x00, 0x00, 0x00, 0x48, 0x00, 0x00, 0x00, 0x31, 0x00, 0x00, 0x00,
  0x00, 0x00, 0x00, 0x09, 0x18, 0x01, 0x00, 0x00, 0x04, 0x00, 0x00, 0x00,
  0xff, 0xff, 0xff, 0xff, 0x01, 0x00, 0x00, 0x00, 0x01, 0x00, 0x00, 0x00,
  0x10, 0x00, 0x00, 0x00, 0xc4, 0xd4, 0xff, 0xff, 0x08, 0x00, 0x00, 0x00,
  0x14, 0x00, 0x00, 0x00, 0x01, 0x00, 0x00, 0x00, 0x80, 0xff, 0xff, 0xff,
  0xff, 0xff, 0xff, 0xff, 0x00, 0x00, 0x00, 0x00, 0x01, 0x00, 0x00, 0x00,
  0x5a, 0xf5, 0x4d, 0x3c, 0xd5, 0x00, 0x00, 0x00, 0x68, 0x79, 0x62, 0x72,
  0x69, 0x64, 0x5f, 0x65, 0x63, 0x67, 0x5f, 0x64, 0x65, 0x70, 0x6c, 0x6f,
  0x79, 0x5f, 0x31, 0x2f, 0x64, 0x65, 0x6e, 0x73, 0x65, 0x5f, 0x31, 0x78,
  0x31, 0x5f, 0x31, 0x2f, 0x52, 0x65, 0x6c, 0x75, 0x3b, 0x68, 0x79, 0x62,
  0x72, 0x69, 0x64, 0x5f, 0x65, 0x63, 0x67, 0x5f, 0x64, 0x65, 0x70, 0x6c,
  0x6f, 0x79, 0x5f, 0x31, 0x2f, 0x64, 0x65, 0x6e, 0x73, 0x65, 0x5f, 0x31,
  0x78, 0x31, 0x5f, 0x31, 0x2f, 0x42, 0x69, 0x61, 0x73, 0x41, 0x64, 0x64,
  0x3b, 0x68, 0x79, 0x62, 0x72, 0x69, 0x64, 0x5f, 0x65, 0x63, 0x67, 0x5f,
  0x64, 0x65, 0x70, 0x6c, 0x6f, 0x79, 0x5f, 0x31, 0x2f, 0x64, 0x65, 0x6e,
  0x73, 0x65, 0x5f, 0x31, 0x78, 0x31, 0x5f, 0x31, 0x2f, 0x63, 0x6f, 0x6e,
  0x76, 0x6f, 0x6c, 0x75, 0x74, 0x69, 0x6f, 0x6e, 0x2f, 0x53, 0x71, 0x75,
  0x65, 0x65, 0x7a, 0x65, 0x3b, 0x68, 0x79, 0x62, 0x72, 0x69, 0x64, 0x5f,
  0x65, 0x63, 0x67, 0x5f, 0x64, 0x65, 0x70, 0x6c, 0x6f, 0x79, 0x5f, 0x31,
  0x2f, 0x64, 0x65, 0x6e, 0x73, 0x65, 0x5f, 0x31, 0x78, 0x31, 0x5f, 0x31,
  0x2f, 0x53, 0x71, 0x75, 0x65, 0x65, 0x7a, 0x65, 0x3b, 0x68, 0x79, 0x62,
  0x72, 0x69, 0x64, 0x5f, 0x65, 0x63, 0x67, 0x5f, 0x64, 0x65, 0x70, 0x6c,
  0x6f, 0x79, 0x5f, 0x31, 0x2f, 0x64, 0x65, 0x6e, 0x73, 0x65, 0x5f, 0x31,
  0x78, 0x31, 0x5f, 0x31, 0x2f, 0x63, 0x6f, 0x6e, 0x76, 0x6f, 0x6c, 0x75,
  0x74, 0x69, 0x6f, 0x6e, 0x31, 0x00, 0x00, 0x00, 0x04, 0x00, 0x00, 0x00,
  0x01, 0x00, 0x00, 0x00, 0x01, 0x00, 0x00, 0x00, 0x01, 0x00, 0x00, 0x00,
  0x10, 0x00, 0x00, 0x00, 0x1e, 0xd6, 0xff, 0xff, 0x00, 0x00, 0x00, 0x01,
  0x18, 0x00, 0x00, 0x00, 0x28, 0x00, 0x00, 0x00, 0x44, 0x00, 0x00, 0x00,
  0x30, 0x00, 0x00, 0x00, 0x00, 0x00, 0x00, 0x09, 0x74, 0x00, 0x00, 0x00,
  0x04, 0x00, 0x00, 0x00, 0xff, 0xff, 0xff, 0xff, 0x01, 0x00, 0x00, 0x00,
  0x01, 0x00, 0x00, 0x00, 0x23, 0x00, 0x00, 0x00, 0x0c, 0xd6, 0xff, 0xff,
  0x08, 0x00, 0x00, 0x00, 0x10, 0x00, 0x00, 0x00, 0x01, 0x00, 0x00, 0x00,
  0xba, 0xff, 0xff, 0xff, 0xff, 0xff, 0xff, 0xff, 0x01, 0x00, 0x00, 0x00,
  0xdb, 0xe4, 0x53, 0x3c, 0x36, 0x00, 0x00, 0x00, 0x68, 0x79, 0x62, 0x72,
  0x69, 0x64, 0x5f, 0x65, 0x63, 0x67, 0x5f, 0x64, 0x65, 0x70, 0x6c, 0x6f,
  0x79, 0x5f, 0x31, 0x2f, 0x64, 0x65, 0x6e, 0x73, 0x65, 0x5f, 0x31, 0x78,
  0x31, 0x5f, 0x31, 0x2f, 0x63, 0x6f, 0x6e, 0x76, 0x6f, 0x6c, 0x75, 0x74,
  0x69, 0x6f, 0x6e, 0x2f, 0x45, 0x78, 0x70, 0x61, 0x6e, 0x64, 0x44, 0x69,
  0x6d, 0x73, 0x00, 0x00, 0x04, 0x00, 0x00, 0x00, 0x01, 0x00, 0x00, 0x00,
  0x01, 0x00, 0x00, 0x00, 0x01, 0x00, 0x00, 0x00, 0x23, 0x00, 0x00, 0x00,
  0xc2, 0xd6, 0xff, 0xff, 0x00, 0x00, 0x00, 0x01, 0x18, 0x00, 0x00, 0x00,
  0x24, 0x00, 0x00, 0x00, 0x40, 0x00, 0x00, 0x00, 0x2f, 0x00, 0x00, 0x00,
  0x00, 0x00, 0x00, 0x09, 0x64, 0x00, 0x00, 0x00, 0x03, 0x00, 0x00, 0x00,
  0xff, 0xff, 0xff, 0xff, 0x01, 0x00, 0x00, 0x00, 0x23, 0x00, 0x00, 0x00,
  0xac, 0xd6, 0xff, 0xff, 0x08, 0x00, 0x00, 0x00, 0x10, 0x00, 0x00, 0x00,
  0x01, 0x00, 0x00, 0x00, 0xba, 0xff, 0xff, 0xff, 0xff, 0xff, 0xff, 0xff,
  0x01, 0x00, 0x00, 0x00, 0xdb, 0xe4, 0x53, 0x3c, 0x28, 0x00, 0x00, 0x00,
  0x68, 0x79, 0x62, 0x72, 0x69, 0x64, 0x5f, 0x65, 0x63, 0x67, 0x5f, 0x64,
  0x65, 0x70, 0x6c, 0x6f, 0x79, 0x5f, 0x31, 0x2f, 0x63, 0x6f, 0x6e, 0x63,
  0x61, 0x74, 0x65, 0x6e, 0x61, 0x74, 0x65, 0x5f, 0x31, 0x2f, 0x63, 0x6f,
  0x6e, 0x63, 0x61, 0x74, 0x00, 0x00, 0x00, 0x00, 0x03, 0x00, 0x00, 0x00,
  0x01, 0x00, 0x00, 0x00, 0x01, 0x00, 0x00, 0x00, 0x23, 0x00, 0x00, 0x00,
  0x52, 0xd7, 0xff, 0xff, 0x00, 0x00, 0x00, 0x01, 0x18, 0x00, 0x00, 0x00,
  0x24, 0x00, 0x00, 0x00, 0x40, 0x00, 0x00, 0x00, 0x2e, 0x00, 0x00, 0x00,
  0x00, 0x00, 0x00, 0x09, 0x60, 0x00, 0x00, 0x00, 0x03, 0x00, 0x00, 0x00,
  0xff, 0xff, 0xff, 0xff, 0x01, 0x00, 0x00, 0x00, 0x20, 0x00, 0x00, 0x00,
  0x3c, 0xd7, 0xff, 0xff, 0x08, 0x00, 0x00, 0x00, 0x10, 0x00, 0x00, 0x00,
  0x01, 0x00, 0x00, 0x00, 0xba, 0xff, 0xff, 0xff, 0xff, 0xff, 0xff, 0xff,
  0x01, 0x00, 0x00, 0x00, 0xdb, 0xe4, 0x53, 0x3c, 0x25, 0x00, 0x00, 0x00,
  0x68, 0x79, 0x62, 0x72, 0x69, 0x64, 0x5f, 0x65, 0x63, 0x67, 0x5f, 0x64,
  0x65, 0x70, 0x6c, 0x6f, 0x79, 0x5f, 0x31, 0x2f, 0x67, 0x61, 0x70, 0x5f,
  0x64, 0x77, 0x5f, 0x31, 0x2f, 0x53, 0x71, 0x75, 0x65, 0x65, 0x7a, 0x65,
  0x31, 0x00, 0x00, 0x00, 0x03, 0x00, 0x00, 0x00, 0x01, 0x00, 0x00, 0x00,
  0x01, 0x00, 0x00, 0x00, 0x20, 0x00, 0x00, 0x00, 0xde, 0xd7, 0xff, 0xff,
  0x00, 0x00, 0x00, 0x01, 0x18, 0x00, 0x00, 0x00, 0x28, 0x00, 0x00, 0x00,
  0x48, 0x00, 0x00, 0x00, 0x2d, 0x00, 0x00, 0x00, 0x00, 0x00, 0x00, 0x09,
  0x68, 0x00, 0x00, 0x00, 0x04, 0x00, 0x00, 0x00, 0xff, 0xff, 0xff, 0xff,
  0x01, 0x00, 0x00, 0x00, 0x01, 0x00, 0x00, 0x00, 0x20, 0x00, 0x00, 0x00,
  0xcc, 0xd7, 0xff, 0xff, 0x08, 0x00, 0x00, 0x00, 0x14, 0x00, 0x00, 0x00,
  0x01, 0x00, 0x00, 0x00, 0xba, 0xff, 0xff, 0xff, 0xff, 0xff, 0xff, 0xff,
  0x00, 0x00, 0x00, 0x00, 0x01, 0x00, 0x00, 0x00, 0xdb, 0xe4, 0x53, 0x3c,
  0x27, 0x00, 0x00, 0x00, 0x68, 0x79, 0x62, 0x72, 0x69, 0x64, 0x5f, 0x65,
  0x63, 0x67, 0x5f, 0x64, 0x65, 0x70, 0x6c, 0x6f, 0x79, 0x5f, 0x31, 0x2f,
  0x67, 0x61, 0x70, 0x5f, 0x64, 0x77, 0x5f, 0x31, 0x2f, 0x64, 0x65, 0x70,
  0x74, 0x68, 0x77, 0x69, 0x73, 0x65, 0x31, 0x00, 0x04, 0x00, 0x00, 0x00,
  0x01, 0x00, 0x00, 0x00, 0x01, 0x00, 0x00, 0x00, 0x01, 0x00, 0x00, 0x00,
  0x20, 0x00, 0x00, 0x00, 0x76, 0xd8, 0xff, 0xff, 0x00, 0x00, 0x00, 0x01,
  0x18, 0x00, 0x00, 0x00, 0x28, 0x00, 0x00, 0x00, 0x44, 0x00, 0x00, 0x00,
  0x2c, 0x00, 0x00, 0x00, 0x00, 0x00, 0x00, 0x09, 0x64, 0x00, 0x00, 0x00,
  0x04, 0x00, 0x00, 0x00, 0xff, 0xff, 0xff, 0xff, 0x01, 0x00, 0x00, 0x00,
  0x20, 0x00, 0x00, 0x00, 0x20, 0x00, 0x00, 0x00, 0x64, 0xd8, 0xff, 0xff,
  0x08, 0x00, 0x00, 0x00, 0x10, 0x00, 0x00, 0x00, 0x01, 0x00, 0x00, 0x00,
  0x80, 0xff, 0xff, 0xff, 0xff, 0xff, 0xff, 0xff, 0x01, 0x00, 0x00, 0x00,
  0x65, 0xeb, 0xc5, 0x3d, 0x27, 0x00, 0x00, 0x00, 0x68, 0x79, 0x62, 0x72,
  0x69, 0x64, 0x5f, 0x65, 0x63, 0x67, 0x5f, 0x64, 0x65, 0x70, 0x6c, 0x6f,
  0x79, 0x5f, 0x31, 0x2f, 0x67, 0x61, 0x70, 0x5f, 0x64, 0x77, 0x5f, 0x31,
  0x2f, 0x45, 0x78, 0x70, 0x61, 0x6e, 0x64, 0x44, 0x69, 0x6d, 0x73, 0x00,
  0x04, 0x00, 0x00, 0x00, 0x01, 0x00, 0x00, 0x00, 0x01, 0x00, 0x00, 0x00,
  0x20, 0x00, 0x00, 0x00, 0x20, 0x00, 0x00, 0x00, 0x0a, 0xd9, 0xff, 0xff,
  0x00, 0x00, 0x00, 0x01, 0x18, 0x00, 0x00, 0x00, 0x24, 0x00, 0x00, 0x00,
  0x44, 0x00, 0x00, 0x00, 0x2b, 0x00, 0x00, 0x00, 0x00, 0x00, 0x00, 0x09,
  0x78, 0x00, 0x00, 0x00, 0x03, 0x00, 0x00, 0x00, 0xff, 0xff, 0xff, 0xff,
  0x20, 0x00, 0x00, 0x00, 0x20, 0x00, 0x00, 0x00, 0xf4, 0xd8, 0xff, 0xff,
  0x08, 0x00, 0x00, 0x00, 0x14, 0x00, 0x00, 0x00, 0x01, 0x00, 0x00, 0x00,
  0x80, 0xff, 0xff, 0xff, 0xff, 0xff, 0xff, 0xff, 0x00, 0x00, 0x00, 0x00,
  0x01, 0x00, 0x00, 0x00, 0x65, 0xeb, 0xc5, 0x3d, 0x38, 0x00, 0x00, 0x00,
  0x68, 0x79, 0x62, 0x72, 0x69, 0x64, 0x5f, 0x65, 0x63, 0x67, 0x5f, 0x64,
  0x65, 0x70, 0x6c, 0x6f, 0x79, 0x5f, 0x31, 0x2f, 0x6d, 0x61, 0x78, 0x5f,
  0x70, 0x6f, 0x6f, 0x6c, 0x69, 0x6e, 0x67, 0x31, 0x64, 0x5f, 0x32, 0x5f,
  0x31, 0x2f, 0x4d, 0x61, 0x78, 0x50, 0x6f, 0x6f, 0x6c, 0x31, 0x64, 0x2f,
  0x53, 0x71, 0x75, 0x65, 0x65, 0x7a, 0x65, 0x31, 0x00, 0x00, 0x00, 0x00,
  0x03, 0x00, 0x00, 0x00, 0x01, 0x00, 0x00, 0x00, 0x20, 0x00, 0x00, 0x00,
  0x20, 0x00, 0x00, 0x00, 0xae, 0xd9, 0xff, 0xff, 0x00, 0x00, 0x00, 0x01,
  0x18, 0x00, 0x00, 0x00, 0x28, 0x00, 0x00, 0x00, 0x48, 0x00, 0x00, 0x00,
  0x2a, 0x00, 0x00, 0x00, 0x00, 0x00, 0x00, 0x09, 0x70, 0x00, 0x00, 0x00,
  0x04, 0x00, 0x00, 0x00, 0xff, 0xff, 0xff, 0xff, 0x01, 0x00, 0x00, 0x00,
  0x20, 0x00, 0x00, 0x00, 0x20, 0x00, 0x00, 0x00, 0x9c, 0xd9, 0xff, 0xff,
  0x08, 0x00, 0x00, 0x00, 0x14, 0x00, 0x00, 0x00, 0x01, 0x00, 0x00, 0x00,
  0x80, 0xff, 0xff, 0xff, 0xff, 0xff, 0xff, 0xff, 0x00, 0x00, 0x00, 0x00,
  0x01, 0x00, 0x00, 0x00, 0x65, 0xeb, 0xc5, 0x3d, 0x2f, 0x00, 0x00, 0x00,
  0x68, 0x79, 0x62, 0x72, 0x69, 0x64, 0x5f, 0x65, 0x63, 0x67, 0x5f, 0x64,
  0x65, 0x70, 0x6c, 0x6f, 0x79, 0x5f, 0x31, 0x2f, 0x6d, 0x61, 0x78, 0x5f,
  0x70, 0x6f, 0x6f, 0x6c, 0x69, 0x6e, 0x67, 0x31, 0x64, 0x5f, 0x32, 0x5f,
  0x31, 0x2f, 0x4d, 0x61, 0x78, 0x50, 0x6f, 0x6f, 0x6c, 0x31, 0x64, 0x00,
  0x04, 0x00, 0x00, 0x00, 0x01, 0x00, 0x00, 0x00, 0x01, 0x00, 0x00, 0x00,
  0x20, 0x00, 0x00, 0x00, 0x20, 0x00, 0x00, 0x00, 0x4e, 0xda, 0xff, 0xff,
  0x00, 0x00, 0x00, 0x01, 0x18, 0x00, 0x00, 0x00, 0x28, 0x00, 0x00, 0x00,
  0x48, 0x00, 0x00, 0x00, 0x29, 0x00, 0x00, 0x00, 0x00, 0x00, 0x00, 0x09,
  0x7c, 0x00, 0x00, 0x00, 0x04, 0x00, 0x00, 0x00, 0xff, 0xff, 0xff, 0xff,
  0x01, 0x00, 0x00, 0x00, 0x40, 0x00, 0x00, 0x00, 0x20, 0x00, 0x00, 0x00,
  0x3c, 0xda, 0xff, 0xff, 0x08, 0x00, 0x00, 0x00, 0x14, 0x00, 0x00, 0x00,
  0x01, 0x00, 0x00, 0x00, 0x80, 0xff, 0xff, 0xff, 0xff, 0xff, 0xff, 0xff,
  0x00, 0x00, 0x00, 0x00, 0x01, 0x00, 0x00, 0x00, 0x65, 0xeb, 0xc5, 0x3d,
  0x3a, 0x00, 0x00, 0x00, 0x68, 0x79, 0x62, 0x72, 0x69, 0x64, 0x5f, 0x65,
  0x63, 0x67, 0x5f, 0x64, 0x65, 0x70, 0x6c, 0x6f, 0x79, 0x5f, 0x31, 0x2f,
  0x6d, 0x61, 0x78, 0x5f, 0x70, 0x6f, 0x6f, 0x6c, 0x69, 0x6e, 0x67, 0x31,
  0x64, 0x5f, 0x32, 0x5f, 0x31, 0x2f, 0x4d, 0x61, 0x78, 0x50, 0x6f, 0x6f,
  0x6c, 0x31, 0x64, 0x2f, 0x45, 0x78, 0x70, 0x61, 0x6e, 0x64, 0x44, 0x69,
  0x6d, 0x73, 0x00, 0x00, 0x04, 0x00, 0x00, 0x00, 0x01, 0x00, 0x00, 0x00,
  0x01, 0x00, 0x00, 0x00, 0x40, 0x00, 0x00, 0x00, 0x20, 0x00, 0x00, 0x00,
  0xfa, 0xda, 0xff, 0xff, 0x00, 0x00, 0x00, 0x01, 0x18, 0x00, 0x00, 0x00,
  0x24, 0x00, 0x00, 0x00, 0x40, 0x00, 0x00, 0x00, 0x28, 0x00, 0x00, 0x00,
  0x00, 0x00, 0x00, 0x09, 0xe0, 0x00, 0x00, 0x00, 0x03, 0x00, 0x00, 0x00,
  0xff, 0xff, 0xff, 0xff, 0x40, 0x00, 0x00, 0x00, 0x20, 0x00, 0x00, 0x00,
  0xe4, 0xda, 0xff, 0xff, 0x08, 0x00, 0x00, 0x00, 0x10, 0x00, 0x00, 0x00,
  0x01, 0x00, 0x00, 0x00, 0x80, 0xff, 0xff, 0xff, 0xff, 0xff, 0xff, 0xff,
  0x01, 0x00, 0x00, 0x00, 0x65, 0xeb, 0xc5, 0x3d, 0xa4, 0x00, 0x00, 0x00,
  0x68, 0x79, 0x62, 0x72, 0x69, 0x64, 0x5f, 0x65, 0x63, 0x67, 0x5f, 0x64,
  0x65, 0x70, 0x6c, 0x6f, 0x79, 0x5f, 0x31, 0x2f, 0x63, 0x6f, 0x6e, 0x76,
  0x31, 0x64, 0x5f, 0x32, 0x5f, 0x31, 0x2f, 0x52, 0x65, 0x6c, 0x75, 0x3b,
  0x68, 0x79, 0x62, 0x72, 0x69, 0x64, 0x5f, 0x65, 0x63, 0x67, 0x5f, 0x64,
  0x65, 0x70, 0x6c, 0x6f, 0x79, 0x5f, 0x31, 0x2f, 0x63, 0x6f, 0x6e, 0x76,
  0x31, 0x64, 0x5f, 0x32, 0x5f, 0x31, 0x2f, 0x42, 0x69, 0x61, 0x73, 0x41,
  0x64, 0x64, 0x3b, 0x68, 0x79, 0x62, 0x72, 0x69, 0x64, 0x5f, 0x65, 0x63,
  0x67, 0x5f, 0x64, 0x65, 0x70, 0x6c, 0x6f, 0x79, 0x5f, 0x31, 0x2f, 0x63,
  0x6f, 0x6e, 0x76, 0x31, 0x64, 0x5f, 0x32, 0x5f, 0x31, 0x2f, 0x63, 0x6f,
  0x6e, 0x76, 0x6f, 0x6c, 0x75, 0x74, 0x69, 0x6f, 0x6e, 0x2f, 0x53, 0x71,
  0x75, 0x65, 0x65, 0x7a, 0x65, 0x3b, 0x68, 0x79, 0x62, 0x72, 0x69, 0x64,
  0x5f, 0x65, 0x63, 0x67, 0x5f, 0x64, 0x65, 0x70, 0x6c, 0x6f, 0x79, 0x5f,
  0x31, 0x2f, 0x63, 0x6f, 0x6e, 0x76, 0x31, 0x64, 0x5f, 0x32, 0x5f, 0x31,
  0x2f, 0x53, 0x71, 0x75, 0x65, 0x65, 0x7a, 0x65, 0x00, 0x00, 0x00, 0x00,
  0x03, 0x00, 0x00, 0x00, 0x01, 0x00, 0x00, 0x00, 0x40, 0x00, 0x00, 0x00,
  0x20, 0x00, 0x00, 0x00, 0x06, 0xdc, 0xff, 0xff, 0x00, 0x00, 0x00, 0x01,
  0x18, 0x00, 0x00, 0x00, 0x28, 0x00, 0x00, 0x00, 0x44, 0x00, 0x00, 0x00,
  0x27, 0x00, 0x00, 0x00, 0x00, 0x00, 0x00, 0x09, 0x10, 0x01, 0x00, 0x00,
  0x04, 0x00, 0x00, 0x00, 0xff, 0xff, 0xff, 0xff, 0x01, 0x00, 0x00, 0x00,
  0x40, 0x00, 0x00, 0x00, 0x20, 0x00, 0x00, 0x00, 0xf4, 0xdb, 0xff, 0xff,
  0x08, 0x00, 0x00, 0x00, 0x10, 0x00, 0x00, 0x00, 0x01, 0x00, 0x00, 0x00,
  0x80, 0xff, 0xff, 0xff, 0xff, 0xff, 0xff, 0xff, 0x01, 0x00, 0x00, 0x00,
  0x65, 0xeb, 0xc5, 0x3d, 0xd0, 0x00, 0x00, 0x00, 0x68, 0x79, 0x62, 0x72,
  0x69, 0x64, 0x5f, 0x65, 0x63, 0x67, 0x5f, 0x64, 0x65, 0x70, 0x6c, 0x6f,
  0x79, 0x5f, 0x31, 0x2f, 0x63, 0x6f, 0x6e, 0x76, 0x31, 0x64, 0x5f, 0x32,
  0x5f, 0x31, 0x2f, 0x52, 0x65, 0x6c, 0x75, 0x3b, 0x68, 0x79, 0x62, 0x72,
  0x69, 0x64, 0x5f, 0x65, 0x63, 0x67, 0x5f, 0x64, 0x65, 0x70, 0x6c, 0x6f,
  0x79, 0x5f, 0x31, 0x2f, 0x63, 0x6f, 0x6e, 0x76, 0x31, 0x64, 0x5f, 0x32,
  0x5f, 0x31, 0x2f, 0x42, 0x69, 0x61, 0x73, 0x41, 0x64, 0x64, 0x3b, 0x68,
  0x79, 0x62, 0x72, 0x69, 0x64, 0x5f, 0x65, 0x63, 0x67, 0x5f, 0x64, 0x65,
  0x70, 0x6c, 0x6f, 0x79, 0x5f, 0x31, 0x2f, 0x63, 0x6f, 0x6e, 0x76, 0x31,
  0x64, 0x5f, 0x32, 0x5f, 0x31, 0x2f, 0x63, 0x6f, 0x6e, 0x76, 0x6f, 0x6c,
  0x75, 0x74, 0x69, 0x6f, 0x6e, 0x2f, 0x53, 0x71, 0x75, 0x65, 0x65, 0x7a,
  0x65, 0x3b, 0x68, 0x79, 0x62, 0x72, 0x69, 0x64, 0x5f, 0x65, 0x63, 0x67,
  0x5f, 0x64, 0x65, 0x70, 0x6c, 0x6f, 0x79, 0x5f, 0x31, 0x2f, 0x63, 0x6f,
  0x6e, 0x76, 0x31, 0x64, 0x5f, 0x32, 0x5f, 0x31, 0x2f, 0x53, 0x71, 0x75,
  0x65, 0x65, 0x7a, 0x65, 0x3b, 0x68, 0x79, 0x62, 0x72, 0x69, 0x64, 0x5f,
  0x65, 0x63, 0x67, 0x5f, 0x64, 0x65, 0x70, 0x6c, 0x6f, 0x79, 0x5f, 0x31,
  0x2f, 0x63, 0x6f, 0x6e, 0x76, 0x31, 0x64, 0x5f, 0x32, 0x5f, 0x31, 0x2f,
  0x63, 0x6f, 0x6e, 0x76, 0x6f, 0x6c, 0x75, 0x74, 0x69, 0x6f, 0x6e, 0x31,
  0x00, 0x00, 0x00, 0x00, 0x04, 0x00, 0x00, 0x00, 0x01, 0x00, 0x00, 0x00,
  0x01, 0x00, 0x00, 0x00, 0x40, 0x00, 0x00, 0x00, 0x20, 0x00, 0x00, 0x00,
  0x46, 0xdd, 0xff, 0xff, 0x00, 0x00, 0x00, 0x01, 0x18, 0x00, 0x00, 0x00,
  0x28, 0x00, 0x00, 0x00, 0x44, 0x00, 0x00, 0x00, 0x26, 0x00, 0x00, 0x00,
  0x00, 0x00, 0x00, 0x09, 0x74, 0x00, 0x00, 0x00, 0x04, 0x00, 0x00, 0x00,
  0xff, 0xff, 0xff, 0xff, 0x01, 0x00, 0x00, 0x00, 0x40, 0x00, 0x00, 0x00,
  0x20, 0x00, 0x00, 0x00, 0x34, 0xdd, 0xff, 0xff, 0x08, 0x00, 0x00, 0x00,
  0x10, 0x00, 0x00, 0x00, 0x01, 0x00, 0x00, 0x00, 0x80, 0xff, 0xff, 0xff,
  0xff, 0xff, 0xff, 0xff, 0x01, 0x00, 0x00, 0x00, 0x13, 0x9e, 0x3f, 0x3d,
  0x35, 0x00, 0x00, 0x00, 0x68, 0x79, 0x62, 0x72, 0x69, 0x64, 0x5f, 0x65,
  0x63, 0x67, 0x5f, 0x64, 0x65, 0x70, 0x6c, 0x6f, 0x79, 0x5f, 0x31, 0x2f,
  0x63, 0x6f, 0x6e, 0x76, 0x31, 0x64, 0x5f, 0x32, 0x5f, 0x31, 0x2f, 0x63,
  0x6f, 0x6e, 0x76, 0x6f, 0x6c, 0x75, 0x74, 0x69, 0x6f, 0x6e, 0x2f, 0x45,
  0x78, 0x70, 0x61, 0x6e, 0x64, 0x44, 0x69, 0x6d, 0x73, 0x00, 0x00, 0x00,
  0x04, 0x00, 0x00, 0x00, 0x01, 0x00, 0x00, 0x00, 0x01, 0x00, 0x00, 0x00,
  0x40, 0x00, 0x00, 0x00, 0x20, 0x00, 0x00, 0x00, 0xea, 0xdd, 0xff, 0xff,
  0x00, 0x00, 0x00, 0x01, 0x18, 0x00, 0x00, 0x00, 0x24, 0x00, 0x00, 0x00,
  0x40, 0x00, 0x00, 0x00, 0x25, 0x00, 0x00, 0x00, 0x00, 0x00, 0x00, 0x09,
  0x70, 0x00, 0x00, 0x00, 0x03, 0x00, 0x00, 0x00, 0xff, 0xff, 0xff, 0xff,
  0x40, 0x00, 0x00, 0x00, 0x20, 0x00, 0x00, 0x00, 0xd4, 0xdd, 0xff, 0xff,
  0x08, 0x00, 0x00, 0x00, 0x10, 0x00, 0x00, 0x00, 0x01, 0x00, 0x00, 0x00,
  0x80, 0xff, 0xff, 0xff, 0xff, 0xff, 0xff, 0xff, 0x01, 0x00, 0x00, 0x00,
  0x13, 0x9e, 0x3f, 0x3d, 0x37, 0x00, 0x00, 0x00, 0x68, 0x79, 0x62, 0x72,
  0x69, 0x64, 0x5f, 0x65, 0x63, 0x67, 0x5f, 0x64, 0x65, 0x70, 0x6c, 0x6f,
  0x79, 0x5f, 0x31, 0x2f, 0x6d, 0x61, 0x78, 0x5f, 0x70, 0x6f, 0x6f, 0x6c,
  0x69, 0x6e, 0x67, 0x31, 0x64, 0x5f, 0x31, 0x5f, 0x32, 0x2f, 0x4d, 0x61,
  0x78, 0x50, 0x6f, 0x6f, 0x6c, 0x31, 0x64, 0x2f, 0x53, 0x71, 0x75, 0x65,
  0x65, 0x7a, 0x65, 0x00, 0x03, 0x00, 0x00, 0x00, 0x01, 0x00, 0x00, 0x00,
  0x40, 0x00, 0x00, 0x00, 0x20, 0x00, 0x00, 0x00, 0x86, 0xde, 0xff, 0xff,
  0x00, 0x00, 0x00, 0x01, 0x18, 0x00, 0x00, 0x00, 0x28, 0x00, 0x00, 0x00,
  0x48, 0x00, 0x00, 0x00, 0x24, 0x00, 0x00, 0x00, 0x00, 0x00, 0x00, 0x09,
  0x70, 0x00, 0x00, 0x00, 0x04, 0x00, 0x00, 0x00, 0xff, 0xff, 0xff, 0xff,
  0x01, 0x00, 0x00, 0x00, 0x40, 0x00, 0x00, 0x00, 0x20, 0x00, 0x00, 0x00,
  0x74, 0xde, 0xff, 0xff, 0x08, 0x00, 0x00, 0x00, 0x14, 0x00, 0x00, 0x00,
  0x01, 0x00, 0x00, 0x00, 0x80, 0xff, 0xff, 0xff, 0xff, 0xff, 0xff, 0xff,
  0x00, 0x00, 0x00, 0x00, 0x01, 0x00, 0x00, 0x00, 0x13, 0x9e, 0x3f, 0x3d,
  0x2f, 0x00, 0x00, 0x00, 0x68, 0x79, 0x62, 0x72, 0x69, 0x64, 0x5f, 0x65,
  0x63, 0x67, 0x5f, 0x64, 0x65, 0x70, 0x6c, 0x6f, 0x79, 0x5f, 0x31, 0x2f,
  0x6d, 0x61, 0x78, 0x5f, 0x70, 0x6f, 0x6f, 0x6c, 0x69, 0x6e, 0x67, 0x31,
  0x64, 0x5f, 0x31, 0x5f, 0x32, 0x2f, 0x4d, 0x61, 0x78, 0x50, 0x6f, 0x6f,
  0x6c, 0x31, 0x64, 0x00, 0x04, 0x00, 0x00, 0x00, 0x01, 0x00, 0x00, 0x00,
  0x01, 0x00, 0x00, 0x00, 0x40, 0x00, 0x00, 0x00, 0x20, 0x00, 0x00, 0x00,
  0x26, 0xdf, 0xff, 0xff, 0x00, 0x00, 0x00, 0x01, 0x18, 0x00, 0x00, 0x00,
  0x28, 0x00, 0x00, 0x00, 0x48, 0x00, 0x00, 0x00, 0x23, 0x00, 0x00, 0x00,
  0x00, 0x00, 0x00, 0x09, 0x7c, 0x00, 0x00, 0x00, 0x04, 0x00, 0x00, 0x00,
  0xff, 0xff, 0xff, 0xff, 0x01, 0x00, 0x00, 0x00, 0x80, 0x00, 0x00, 0x00,
  0x20, 0x00, 0x00, 0x00, 0x14, 0xdf, 0xff, 0xff, 0x08, 0x00, 0x00, 0x00,
  0x14, 0x00, 0x00, 0x00, 0x01, 0x00, 0x00, 0x00, 0x80, 0xff, 0xff, 0xff,
  0xff, 0xff, 0xff, 0xff, 0x00, 0x00, 0x00, 0x00, 0x01, 0x00, 0x00, 0x00,
  0x13, 0x9e, 0x3f, 0x3d, 0x3a, 0x00, 0x00, 0x00, 0x68, 0x79, 0x62, 0x72,
  0x69, 0x64, 0x5f, 0x65, 0x63, 0x67, 0x5f, 0x64, 0x65, 0x70, 0x6c, 0x6f,
  0x79, 0x5f, 0x31, 0x2f, 0x6d, 0x61, 0x78, 0x5f, 0x70, 0x6f, 0x6f, 0x6c,
  0x69, 0x6e, 0x67, 0x31, 0x64, 0x5f, 0x31, 0x5f, 0x32, 0x2f, 0x4d, 0x61,
  0x78, 0x50, 0x6f, 0x6f, 0x6c, 0x31, 0x64, 0x2f, 0x45, 0x78, 0x70, 0x61,
  0x6e, 0x64, 0x44, 0x69, 0x6d, 0x73, 0x00, 0x00, 0x04, 0x00, 0x00, 0x00,
  0x01, 0x00, 0x00, 0x00, 0x01, 0x00, 0x00, 0x00, 0x80, 0x00, 0x00, 0x00,
  0x20, 0x00, 0x00, 0x00, 0xd2, 0xdf, 0xff, 0xff, 0x00, 0x00, 0x00, 0x01,
  0x18, 0x00, 0x00, 0x00, 0x24, 0x00, 0x00, 0x00, 0x40, 0x00, 0x00, 0x00,
  0x22, 0x00, 0x00, 0x00, 0x00, 0x00, 0x00, 0x09, 0xe0, 0x00, 0x00, 0x00,
  0x03, 0x00, 0x00, 0x00, 0xff, 0xff, 0xff, 0xff, 0x80, 0x00, 0x00, 0x00,
  0x20, 0x00, 0x00, 0x00, 0xbc, 0xdf, 0xff, 0xff, 0x08, 0x00, 0x00, 0x00,
  0x10, 0x00, 0x00, 0x00, 0x01, 0x00, 0x00, 0x00, 0x80, 0xff, 0xff, 0xff,
  0xff, 0xff, 0xff, 0xff, 0x01, 0x00, 0x00, 0x00, 0x13, 0x9e, 0x3f, 0x3d,
  0xa4, 0x00, 0x00, 0x00, 0x68, 0x79, 0x62, 0x72, 0x69, 0x64, 0x5f, 0x65,
  0x63, 0x67, 0x5f, 0x64, 0x65, 0x70, 0x6c, 0x6f, 0x79, 0x5f, 0x31, 0x2f,
  0x63, 0x6f, 0x6e, 0x76, 0x31, 0x64, 0x5f, 0x31, 0x5f, 0x32, 0x2f, 0x52,
  0x65, 0x6c, 0x75, 0x3b, 0x68, 0x79, 0x62, 0x72, 0x69, 0x64, 0x5f, 0x65,
  0x63, 0x67, 0x5f, 0x64, 0x65, 0x70, 0x6c, 0x6f, 0x79, 0x5f, 0x31, 0x2f,
  0x63, 0x6f, 0x6e, 0x76, 0x31, 0x64, 0x5f, 0x31, 0x5f, 0x32, 0x2f, 0x42,
  0x69, 0x61, 0x73, 0x41, 0x64, 0x64, 0x3b, 0x68, 0x79, 0x62, 0x72, 0x69,
  0x64, 0x5f, 0x65, 0x63, 0x67, 0x5f, 0x64, 0x65, 0x70, 0x6c, 0x6f, 0x79,
  0x5f, 0x31, 0x2f, 0x63, 0x6f, 0x6e, 0x76, 0x31, 0x64, 0x5f, 0x31, 0x5f,
  0x32, 0x2f, 0x63, 0x6f, 0x6e, 0x76, 0x6f, 0x6c, 0x75, 0x74, 0x69, 0x6f,
  0x6e, 0x2f, 0x53, 0x71, 0x75, 0x65, 0x65, 0x7a, 0x65, 0x3b, 0x68, 0x79,
  0x62, 0x72, 0x69, 0x64, 0x5f, 0x65, 0x63, 0x67, 0x5f, 0x64, 0x65, 0x70,
  0x6c, 0x6f, 0x79, 0x5f, 0x31, 0x2f, 0x63, 0x6f, 0x6e, 0x76, 0x31, 0x64,
  0x5f, 0x31, 0x5f, 0x32, 0x2f, 0x53, 0x71, 0x75, 0x65, 0x65, 0x7a, 0x65,
  0x00, 0x00, 0x00, 0x00, 0x03, 0x00, 0x00, 0x00, 0x01, 0x00, 0x00, 0x00,
  0x80, 0x00, 0x00, 0x00, 0x20, 0x00, 0x00, 0x00, 0xde, 0xe0, 0xff, 0xff,
  0x00, 0x00, 0x00, 0x01, 0x18, 0x00, 0x00, 0x00, 0x28, 0x00, 0x00, 0x00,
  0x44, 0x00, 0x00, 0x00, 0x21, 0x00, 0x00, 0x00, 0x00, 0x00, 0x00, 0x09,
  0x10, 0x01, 0x00, 0x00, 0x04, 0x00, 0x00, 0x00, 0xff, 0xff, 0xff, 0xff,
  0x01, 0x00, 0x00, 0x00, 0x80, 0x00, 0x00, 0x00, 0x20, 0x00, 0x00, 0x00,
  0xcc, 0xe0, 0xff, 0xff, 0x08, 0x00, 0x00, 0x00, 0x10, 0x00, 0x00, 0x00,
  0x01, 0x00, 0x00, 0x00, 0x80, 0xff, 0xff, 0xff, 0xff, 0xff, 0xff, 0xff,
  0x01, 0x00, 0x00, 0x00, 0x13, 0x9e, 0x3f, 0x3d, 0xd0, 0x00, 0x00, 0x00,
  0x68, 0x79, 0x62, 0x72, 0x69, 0x64, 0x5f, 0x65, 0x63, 0x67, 0x5f, 0x64,
  0x65, 0x70, 0x6c, 0x6f, 0x79, 0x5f, 0x31, 0x2f, 0x63, 0x6f, 0x6e, 0x76,
  0x31, 0x64, 0x5f, 0x31, 0x5f, 0x32, 0x2f, 0x52, 0x65, 0x6c, 0x75, 0x3b,
  0x68, 0x79, 0x62, 0x72, 0x69, 0x64, 0x5f, 0x65, 0x63, 0x67, 0x5f, 0x64,
  0x65, 0x70, 0x6c, 0x6f, 0x79, 0x5f, 0x31, 0x2f, 0x63, 0x6f, 0x6e, 0x76,
  0x31, 0x64, 0x5f, 0x31, 0x5f, 0x32, 0x2f, 0x42, 0x69, 0x61, 0x73, 0x41,
  0x64, 0x64, 0x3b, 0x68, 0x79, 0x62, 0x72, 0x69, 0x64, 0x5f, 0x65, 0x63,
  0x67, 0x5f, 0x64, 0x65, 0x70, 0x6c, 0x6f, 0x79, 0x5f, 0x31, 0x2f, 0x63,
  0x6f, 0x6e, 0x76, 0x31, 0x64, 0x5f, 0x31, 0x5f, 0x32, 0x2f, 0x63, 0x6f,
  0x6e, 0x76, 0x6f, 0x6c, 0x75, 0x74, 0x69, 0x6f, 0x6e, 0x2f, 0x53, 0x71,
  0x75, 0x65, 0x65, 0x7a, 0x65, 0x3b, 0x68, 0x79, 0x62, 0x72, 0x69, 0x64,
  0x5f, 0x65, 0x63, 0x67, 0x5f, 0x64, 0x65, 0x70, 0x6c, 0x6f, 0x79, 0x5f,
  0x31, 0x2f, 0x63, 0x6f, 0x6e, 0x76, 0x31, 0x64, 0x5f, 0x31, 0x5f, 0x32,
  0x2f, 0x53, 0x71, 0x75, 0x65, 0x65, 0x7a, 0x65, 0x3b, 0x68, 0x79, 0x62,
  0x72, 0x69, 0x64, 0x5f, 0x65, 0x63, 0x67, 0x5f, 0x64, 0x65, 0x70, 0x6c,
  0x6f, 0x79, 0x5f, 0x31, 0x2f, 0x63, 0x6f, 0x6e, 0x76, 0x31, 0x64, 0x5f,
  0x31, 0x5f, 0x32, 0x2f, 0x63, 0x6f, 0x6e, 0x76, 0x6f, 0x6c, 0x75, 0x74,
  0x69, 0x6f, 0x6e, 0x31, 0x00, 0x00, 0x00, 0x00, 0x04, 0x00, 0x00, 0x00,
  0x01, 0x00, 0x00, 0x00, 0x01, 0x00, 0x00, 0x00, 0x80, 0x00, 0x00, 0x00,
  0x20, 0x00, 0x00, 0x00, 0x1e, 0xe2, 0xff, 0xff, 0x00, 0x00, 0x00, 0x01,
  0x18, 0x00, 0x00, 0x00, 0x28, 0x00, 0x00, 0x00, 0x44, 0x00, 0x00, 0x00,
  0x20, 0x00, 0x00, 0x00, 0x00, 0x00, 0x00, 0x09, 0x74, 0x00, 0x00, 0x00,
  0x04, 0x00, 0x00, 0x00, 0xff, 0xff, 0xff, 0xff, 0x01, 0x00, 0x00, 0x00,
  0x80, 0x00, 0x00, 0x00, 0x10, 0x00, 0x00, 0x00, 0x0c, 0xe2, 0xff, 0xff,
  0x08, 0x00, 0x00, 0x00, 0x10, 0x00, 0x00, 0x00, 0x01, 0x00, 0x00, 0x00,
  0x80, 0xff, 0xff, 0xff, 0xff, 0xff, 0xff, 0xff, 0x01, 0x00, 0x00, 0x00,
  0x15, 0xb9, 0x1a, 0x3d, 0x35, 0x00, 0x00, 0x00, 0x68, 0x79, 0x62, 0x72,
  0x69, 0x64, 0x5f, 0x65, 0x63, 0x67, 0x5f, 0x64, 0x65, 0x70, 0x6c, 0x6f,
  0x79, 0x5f, 0x31, 0x2f, 0x63, 0x6f, 0x6e, 0x76, 0x31, 0x64, 0x5f, 0x31,
  0x5f, 0x32, 0x2f, 0x63, 0x6f, 0x6e, 0x76, 0x6f, 0x6c, 0x75, 0x74, 0x69,
  0x6f, 0x6e, 0x2f, 0x45, 0x78, 0x70, 0x61, 0x6e, 0x64, 0x44, 0x69, 0x6d,
  0x73, 0x00, 0x00, 0x00, 0x04, 0x00, 0x00, 0x00, 0x01, 0x00, 0x00, 0x00,
  0x01, 0x00, 0x00, 0x00, 0x80, 0x00, 0x00, 0x00, 0x10, 0x00, 0x00, 0x00,
  0xc2, 0xe2, 0xff, 0xff, 0x00, 0x00, 0x00, 0x01, 0x18, 0x00, 0x00, 0x00,
  0x24, 0x00, 0x00, 0x00, 0x40, 0x00, 0x00, 0x00, 0x1f, 0x00, 0x00, 0x00,
  0x00, 0x00, 0x00, 0x09, 0x70, 0x00, 0x00, 0x00, 0x03, 0x00, 0x00, 0x00,
  0xff, 0xff, 0xff, 0xff, 0x80, 0x00, 0x00, 0x00, 0x10, 0x00, 0x00, 0x00,
  0xac, 0xe2, 0xff, 0xff, 0x08, 0x00, 0x00, 0x00, 0x10, 0x00, 0x00, 0x00,
  0x01, 0x00, 0x00, 0x00, 0x80, 0xff, 0xff, 0xff, 0xff, 0xff, 0xff, 0xff,
  0x01, 0x00, 0x00, 0x00, 0x15, 0xb9, 0x1a, 0x3d, 0x36, 0x00, 0x00, 0x00,
  0x68, 0x79, 0x62, 0x72, 0x69, 0x64, 0x5f, 0x65, 0x63, 0x67, 0x5f, 0x64,
  0x65, 0x70, 0x6c, 0x6f, 0x79, 0x5f, 0x31, 0x2f, 0x6d, 0x61, 0x78, 0x5f,
  0x70, 0x6f, 0x6f, 0x6c, 0x69, 0x6e, 0x67, 0x31, 0x64, 0x5f, 0x31, 0x2f,
  0x4d, 0x61, 0x78, 0x50, 0x6f, 0x6f, 0x6c, 0x31, 0x64, 0x2f, 0x53, 0x71,
  0x75, 0x65, 0x65, 0x7a, 0x65, 0x31, 0x00, 0x00, 0x03, 0x00, 0x00, 0x00,
  0x01, 0x00, 0x00, 0x00, 0x80, 0x00, 0x00, 0x00, 0x10, 0x00, 0x00, 0x00,
  0x5e, 0xe3, 0xff, 0xff, 0x00, 0x00, 0x00, 0x01, 0x18, 0x00, 0x00, 0x00,
  0x28, 0x00, 0x00, 0x00, 0x48, 0x00, 0x00, 0x00, 0x1e, 0x00, 0x00, 0x00,
  0x00, 0x00, 0x00, 0x09, 0x70, 0x00, 0x00, 0x00, 0x04, 0x00, 0x00, 0x00,
  0xff, 0xff, 0xff, 0xff, 0x01, 0x00, 0x00, 0x00, 0x80, 0x00, 0x00, 0x00,
  0x10, 0x00, 0x00, 0x00, 0x4c, 0xe3, 0xff, 0xff, 0x08, 0x00, 0x00, 0x00,
  0x14, 0x00, 0x00, 0x00, 0x01, 0x00, 0x00, 0x00, 0x80, 0xff, 0xff, 0xff,
  0xff, 0xff, 0xff, 0xff, 0x00, 0x00, 0x00, 0x00, 0x01, 0x00, 0x00, 0x00,
  0x15, 0xb9, 0x1a, 0x3d, 0x2d, 0x00, 0x00, 0x00, 0x68, 0x79, 0x62, 0x72,
  0x69, 0x64, 0x5f, 0x65, 0x63, 0x67, 0x5f, 0x64, 0x65, 0x70, 0x6c, 0x6f,
  0x79, 0x5f, 0x31, 0x2f, 0x6d, 0x61, 0x78, 0x5f, 0x70, 0x6f, 0x6f, 0x6c,
  0x69, 0x6e, 0x67, 0x31, 0x64, 0x5f, 0x31, 0x2f, 0x4d, 0x61, 0x78, 0x50,
  0x6f, 0x6f, 0x6c, 0x31, 0x64, 0x00, 0x00, 0x00, 0x04, 0x00, 0x00, 0x00,
  0x01, 0x00, 0x00, 0x00, 0x01, 0x00, 0x00, 0x00, 0x80, 0x00, 0x00, 0x00,
  0x10, 0x00, 0x00, 0x00, 0xfe, 0xe3, 0xff, 0xff, 0x00, 0x00, 0x00, 0x01,
  0x18, 0x00, 0x00, 0x00, 0x28, 0x00, 0x00, 0x00, 0x48, 0x00, 0x00, 0x00,
  0x1d, 0x00, 0x00, 0x00, 0x00, 0x00, 0x00, 0x09, 0x7c, 0x00, 0x00, 0x00,
  0x04, 0x00, 0x00, 0x00, 0xff, 0xff, 0xff, 0xff, 0x01, 0x00, 0x00, 0x00,
  0x00, 0x01, 0x00, 0x00, 0x10, 0x00, 0x00, 0x00, 0xec, 0xe3, 0xff, 0xff,
  0x08, 0x00, 0x00, 0x00, 0x14, 0x00, 0x00, 0x00, 0x01, 0x00, 0x00, 0x00,
  0x80, 0xff, 0xff, 0xff, 0xff, 0xff, 0xff, 0xff, 0x00, 0x00, 0x00, 0x00,
  0x01, 0x00, 0x00, 0x00, 0x15, 0xb9, 0x1a, 0x3d, 0x38, 0x00, 0x00, 0x00,
  0x68, 0x79, 0x62, 0x72, 0x69, 0x64, 0x5f, 0x65, 0x63, 0x67, 0x5f, 0x64,
  0x65, 0x70, 0x6c, 0x6f, 0x79, 0x5f, 0x31, 0x2f, 0x6d, 0x61, 0x78, 0x5f,
  0x70, 0x6f, 0x6f, 0x6c, 0x69, 0x6e, 0x67, 0x31, 0x64, 0x5f, 0x31, 0x2f,
  0x4d, 0x61, 0x78, 0x50, 0x6f, 0x6f, 0x6c, 0x31, 0x64, 0x2f, 0x45, 0x78,
  0x70, 0x61, 0x6e, 0x64, 0x44, 0x69, 0x6d, 0x73, 0x00, 0x00, 0x00, 0x00,
  0x04, 0x00, 0x00, 0x00, 0x01, 0x00, 0x00, 0x00, 0x01, 0x00, 0x00, 0x00,
  0x00, 0x01, 0x00, 0x00, 0x10, 0x00, 0x00, 0x00, 0xaa, 0xe4, 0xff, 0xff,
  0x00, 0x00, 0x00, 0x01, 0x18, 0x00, 0x00, 0x00, 0x24, 0x00, 0x00, 0x00,
  0x40, 0x00, 0x00, 0x00, 0x1c, 0x00, 0x00, 0x00, 0x00, 0x00, 0x00, 0x09,
  0xd8, 0x00, 0x00, 0x00, 0x03, 0x00, 0x00, 0x00, 0xff, 0xff, 0xff, 0xff,
  0x00, 0x01, 0x00, 0x00, 0x10, 0x00, 0x00, 0x00, 0x94, 0xe4, 0xff, 0xff,
  0x08, 0x00, 0x00, 0x00, 0x10, 0x00, 0x00, 0x00, 0x01, 0x00, 0x00, 0x00,
  0x80, 0xff, 0xff, 0xff, 0xff, 0xff, 0xff, 0xff, 0x01, 0x00, 0x00, 0x00,
  0x15, 0xb9, 0x1a, 0x3d, 0x9c, 0x00, 0x00, 0x00, 0x68, 0x79, 0x62, 0x72,
  0x69, 0x64, 0x5f, 0x65, 0x63, 0x67, 0x5f, 0x64, 0x65, 0x70, 0x6c, 0x6f,
  0x79, 0x5f, 0x31, 0x2f, 0x63, 0x6f, 0x6e, 0x76, 0x31, 0x64, 0x5f, 0x31,
  0x2f, 0x52, 0x65, 0x6c, 0x75, 0x3b, 0x68, 0x79, 0x62, 0x72, 0x69, 0x64,
  0x5f, 0x65, 0x63, 0x67, 0x5f, 0x64, 0x65, 0x70, 0x6c, 0x6f, 0x79, 0x5f,
  0x31, 0x2f, 0x63, 0x6f, 0x6e, 0x76, 0x31, 0x64, 0x5f, 0x31, 0x2f, 0x42,
  0x69, 0x61, 0x73, 0x41, 0x64, 0x64, 0x3b, 0x68, 0x79, 0x62, 0x72, 0x69,
  0x64, 0x5f, 0x65, 0x63, 0x67, 0x5f, 0x64, 0x65, 0x70, 0x6c, 0x6f, 0x79,
  0x5f, 0x31, 0x2f, 0x63, 0x6f, 0x6e, 0x76, 0x31, 0x64, 0x5f, 0x31, 0x2f,
  0x63, 0x6f, 0x6e, 0x76, 0x6f, 0x6c, 0x75, 0x74, 0x69, 0x6f, 0x6e, 0x2f,
  0x53, 0x71, 0x75, 0x65, 0x65, 0x7a, 0x65, 0x3b, 0x68, 0x79, 0x62, 0x72,
  0x69, 0x64, 0x5f, 0x65, 0x63, 0x67, 0x5f, 0x64, 0x65, 0x70, 0x6c, 0x6f,
  0x79, 0x5f, 0x31, 0x2f, 0x63, 0x6f, 0x6e, 0x76, 0x31, 0x64, 0x5f, 0x31,
  0x2f, 0x53, 0x71, 0x75, 0x65, 0x65, 0x7a, 0x65, 0x00, 0x00, 0x00, 0x00,
  0x03, 0x00, 0x00, 0x00, 0x01, 0x00, 0x00, 0x00, 0x00, 0x01, 0x00, 0x00,
  0x10, 0x00, 0x00, 0x00, 0xae, 0xe5, 0xff, 0xff, 0x00, 0x00, 0x00, 0x01,
  0x18, 0x00, 0x00, 0x00, 0x28, 0x00, 0x00, 0x00, 0x48, 0x00, 0x00, 0x00,
  0x1b, 0x00, 0x00, 0x00, 0x00, 0x00, 0x00, 0x09, 0x08, 0x01, 0x00, 0x00,
  0x04, 0x00, 0x00, 0x00, 0xff, 0xff, 0xff, 0xff, 0x01, 0x00, 0x00, 0x00,
  0x00, 0x01, 0x00, 0x00, 0x10, 0x00, 0x00, 0x00, 0x9c, 0xe5, 0xff, 0xff,
  0x08, 0x00, 0x00, 0x00, 0x14, 0x00, 0x00, 0x00, 0x01, 0x00, 0x00, 0x00,
  0x80, 0xff, 0xff, 0xff, 0xff, 0xff, 0xff, 0xff, 0x00, 0x00, 0x00, 0x00,
  0x01, 0x00, 0x00, 0x00, 0x15, 0xb9, 0x1a, 0x3d, 0xc6, 0x00, 0x00, 0x00,
  0x68, 0x79, 0x62, 0x72, 0x69, 0x64, 0x5f, 0x65, 0x63, 0x67, 0x5f, 0x64,
  0x65, 0x70, 0x6c, 0x6f, 0x79, 0x5f, 0x31, 0x2f, 0x63, 0x6f, 0x6e, 0x76,
  0x31, 0x64, 0x5f, 0x31, 0x2f, 0x52, 0x65, 0x6c, 0x75, 0x3b, 0x68, 0x79,
  0x62, 0x72, 0x69, 0x64, 0x5f, 0x65, 0x63, 0x67, 0x5f, 0x64, 0x65, 0x70,
  0x6c, 0x6f, 0x79, 0x5f, 0x31, 0x2f, 0x63, 0x6f, 0x6e, 0x76, 0x31, 0x64,
  0x5f, 0x31, 0x2f, 0x42, 0x69, 0x61, 0x73, 0x41, 0x64, 0x64, 0x3b, 0x68,
  0x79, 0x62, 0x72, 0x69, 0x64, 0x5f, 0x65, 0x63, 0x67, 0x5f, 0x64, 0x65,
  0x70, 0x6c, 0x6f, 0x79, 0x5f, 0x31, 0x2f, 0x63, 0x6f, 0x6e, 0x76, 0x31,
  0x64, 0x5f, 0x31, 0x2f, 0x63, 0x6f, 0x6e, 0x76, 0x6f, 0x6c, 0x75, 0x74,
  0x69, 0x6f, 0x6e, 0x2f, 0x53, 0x71, 0x75, 0x65, 0x65, 0x7a, 0x65, 0x3b,
  0x68, 0x79, 0x62, 0x72, 0x69, 0x64, 0x5f, 0x65, 0x63, 0x67, 0x5f, 0x64,
  0x65, 0x70, 0x6c, 0x6f, 0x79, 0x5f, 0x31, 0x2f, 0x63, 0x6f, 0x6e, 0x76,
  0x31, 0x64, 0x5f, 0x31, 0x2f, 0x53, 0x71, 0x75, 0x65, 0x65, 0x7a, 0x65,
  0x3b, 0x68, 0x79, 0x62, 0x72, 0x69, 0x64, 0x5f, 0x65, 0x63, 0x67, 0x5f,
  0x64, 0x65, 0x70, 0x6c, 0x6f, 0x79, 0x5f, 0x31, 0x2f, 0x63, 0x6f, 0x6e,
  0x76, 0x31, 0x64, 0x5f, 0x31, 0x2f, 0x63, 0x6f, 0x6e, 0x76, 0x6f, 0x6c,
  0x75, 0x74, 0x69, 0x6f, 0x6e, 0x31, 0x00, 0x00, 0x04, 0x00, 0x00, 0x00,
  0x01, 0x00, 0x00, 0x00, 0x01, 0x00, 0x00, 0x00, 0x00, 0x01, 0x00, 0x00,
  0x10, 0x00, 0x00, 0x00, 0xe6, 0xe6, 0xff, 0xff, 0x00, 0x00, 0x00, 0x01,
  0x18, 0x00, 0x00, 0x00, 0x28, 0x00, 0x00, 0x00, 0x44, 0x00, 0x00, 0x00,
  0x1a, 0x00, 0x00, 0x00, 0x00, 0x00, 0x00, 0x09, 0x70, 0x00, 0x00, 0x00,
  0x04, 0x00, 0x00, 0x00, 0xff, 0xff, 0xff, 0xff, 0x01, 0x00, 0x00, 0x00,
  0x00, 0x01, 0x00, 0x00, 0x01, 0x00, 0x00, 0x00, 0xd4, 0xe6, 0xff, 0xff,
  0x08, 0x00, 0x00, 0x00, 0x10, 0x00, 0x00, 0x00, 0x01, 0x00, 0x00, 0x00,
  0xe7, 0xff, 0xff, 0xff, 0xff, 0xff, 0xff, 0xff, 0x01, 0x00, 0x00, 0x00,
  0x47, 0xc0, 0x2f, 0x3d, 0x33, 0x00, 0x00, 0x00, 0x68, 0x79, 0x62, 0x72,
  0x69, 0x64, 0x5f, 0x65, 0x63, 0x67, 0x5f, 0x64, 0x65, 0x70, 0x6c, 0x6f,
  0x79, 0x5f, 0x31, 0x2f, 0x63, 0x6f, 0x6e, 0x76, 0x31, 0x64, 0x5f, 0x31,
  0x2f, 0x63, 0x6f, 0x6e, 0x76, 0x6f, 0x6c, 0x75, 0x74, 0x69, 0x6f, 0x6e,
  0x2f, 0x45, 0x78, 0x70, 0x61, 0x6e, 0x64, 0x44, 0x69, 0x6d, 0x73, 0x00,
  0x04, 0x00, 0x00, 0x00, 0x01, 0x00, 0x00, 0x00, 0x01, 0x00, 0x00, 0x00,
  0x00, 0x01, 0x00, 0x00, 0x01, 0x00, 0x00, 0x00, 0x5e, 0xe8, 0xff, 0xff,
  0x00, 0x00, 0x00, 0x01, 0x14, 0x00, 0x00, 0x00, 0xe8, 0x00, 0x00, 0x00,
  0x19, 0x00, 0x00, 0x00, 0x00, 0x00, 0x00, 0x09, 0x0c, 0x01, 0x00, 0x00,
  0x5c, 0xe7, 0xff, 0xff, 0x08, 0x00, 0x00, 0x00, 0x8c, 0x00, 0x00, 0x00,
  0x10, 0x00, 0x00, 0x00, 0x00, 0x00, 0x00, 0x00, 0x00, 0x00, 0x00, 0x00,
  0x00, 0x00, 0x00, 0x00, 0x00, 0x00, 0x00, 0x00, 0x00, 0x00, 0x00, 0x00,
  0x00, 0x00, 0x00, 0x00, 0x00, 0x00, 0x00, 0x00, 0x00, 0x00, 0x00, 0x00,
  0x00, 0x00, 0x00, 0x00, 0x00, 0x00, 0x00, 0x00, 0x00, 0x00, 0x00, 0x00,
  0x00, 0x00, 0x00, 0x00, 0x00, 0x00, 0x00, 0x00, 0x00, 0x00, 0x00, 0x00,
  0x00, 0x00, 0x00, 0x00, 0x00, 0x00, 0x00, 0x00, 0x00, 0x00, 0x00, 0x00,
  0x00, 0x00, 0x00, 0x00, 0x00, 0x00, 0x00, 0x00, 0x00, 0x00, 0x00, 0x00,
  0x00, 0x00, 0x00, 0x00, 0x00, 0x00, 0x00, 0x00, 0x00, 0x00, 0x00, 0x00,
  0x00, 0x00, 0x00, 0x00, 0x00, 0x00, 0x00, 0x00, 0x00, 0x00, 0x00, 0x00,
  0x00, 0x00, 0x00, 0x00, 0x00, 0x00, 0x00, 0x00, 0x00, 0x00, 0x00, 0x00,
  0x00, 0x00, 0x00, 0x00, 0x00, 0x00, 0x00, 0x00, 0x00, 0x00, 0x00, 0x00,
  0x00, 0x00, 0x00, 0x00, 0x10, 0x00, 0x00, 0x00, 0x7e, 0x2c, 0x26, 0x3b,
  0xf7, 0xd7, 0x65, 0x3b, 0xa8, 0x41, 0xe7, 0x3a, 0x19, 0xd4, 0x25, 0x3b,
  0xd5, 0x4e, 0xa3, 0x3a, 0x6f, 0xca, 0x2a, 0x3b, 0x6b, 0xb4, 0xcc, 0x3a,
  0xc4, 0xf4, 0x03, 0x3b, 0xe3, 0xaf, 0x0f, 0x3b, 0x10, 0xaf, 0x42, 0x3b,
  0x4f, 0x90, 0x13, 0x3b, 0xfa, 0xbc, 0x2f, 0x3b, 0x31, 0x83, 0x47, 0x3b,
  0xc6, 0xf2, 0x17, 0x3b, 0x93, 0x1f, 0x11, 0x3b, 0xff, 0xa6, 0x57, 0x3b,
  0x28, 0x00, 0x00, 0x00, 0x68, 0x79, 0x62, 0x72, 0x69, 0x64, 0x5f, 0x65,
  0x63, 0x67, 0x5f, 0x64, 0x65, 0x70, 0x6c, 0x6f, 0x79, 0x5f, 0x31, 0x2f,
  0x63, 0x6f, 0x6e, 0x76, 0x31, 0x64, 0x5f, 0x31, 0x2f, 0x63, 0x6f, 0x6e,
  0x76, 0x6f, 0x6c, 0x75, 0x74, 0x69, 0x6f, 0x6e, 0x00, 0x00, 0x00, 0x00,
  0x04, 0x00, 0x00, 0x00, 0x10, 0x00, 0x00, 0x00, 0x01, 0x00, 0x00, 0x00,
  0x07, 0x00, 0x00, 0x00, 0x01, 0x00, 0x00, 0x00, 0x96, 0xe9, 0xff, 0xff,
  0x00, 0x00, 0x00, 0x01, 0x14, 0x00, 0x00, 0x00, 0xe8, 0x00, 0x00, 0x00,
  0x18, 0x00, 0x00, 0x00, 0x00, 0x00, 0x00, 0x02, 0xa8, 0x01, 0x00, 0x00,
  0x94, 0xe8, 0xff, 0xff, 0x08, 0x00, 0x00, 0x00, 0x8c, 0x00, 0x00, 0x00,
  0x10, 0x00, 0x00, 0x00, 0x00, 0x00, 0x00, 0x00, 0x00, 0x00, 0x00, 0x00,
  0x00, 0x00, 0x00, 0x00, 0x00, 0x00, 0x00, 0x00, 0x00, 0x00, 0x00, 0x00,
  0x00, 0x00, 0x00, 0x00, 0x00, 0x00, 0x00, 0x00, 0x00, 0x00, 0x00, 0x00,
  0x00, 0x00, 0x00, 0x00, 0x00, 0x00, 0x00, 0x00, 0x00, 0x00, 0x00, 0x00,
  0x00, 0x00, 0x00, 0x00, 0x00, 0x00, 0x00, 0x00, 0x00, 0x00, 0x00, 0x00,
  0x00, 0x00, 0x00, 0x00, 0x00, 0x00, 0x00, 0x00, 0x00, 0x00, 0x00, 0x00,
  0x00, 0x00, 0x00, 0x00, 0x00, 0x00, 0x00, 0x00, 0x00, 0x00, 0x00, 0x00,
  0x00, 0x00, 0x00, 0x00, 0x00, 0x00, 0x00, 0x00, 0x00, 0x00, 0x00, 0x00,
  0x00, 0x00, 0x00, 0x00, 0x00, 0x00, 0x00, 0x00, 0x00, 0x00, 0x00, 0x00,
  0x00, 0x00, 0x00, 0x00, 0x00, 0x00, 0x00, 0x00, 0x00, 0x00, 0x00, 0x00,
  0x00, 0x00, 0x00, 0x00, 0x00, 0x00, 0x00, 0x00, 0x00, 0x00, 0x00, 0x00,
  0x00, 0x00, 0x00, 0x00, 0x10, 0x00, 0x00, 0x00, 0x73, 0x2a, 0xe4, 0x38,
  0x44, 0xcb, 0x1d, 0x39, 0x93, 0xc3, 0x9e, 0x38, 0x14, 0xb1, 0xe3, 0x38,
  0x18, 0x3b, 0x60, 0x38, 0x52, 0x81, 0xea, 0x38, 0x15, 0x89, 0x8c, 0x38,
  0xdc, 0x2e, 0xb5, 0x38, 0x50, 0x4a, 0xc5, 0x38, 0xe5, 0xa7, 0x05, 0x39,
  0xf6, 0x9c, 0xca, 0x38, 0x5b, 0x4c, 0xf1, 0x38, 0x88, 0xf8, 0x08, 0x39,
  0x2b, 0xa2, 0xd0, 0x38, 0x2b, 0x43, 0xc7, 0x38, 0x21, 0x0d, 0x14, 0x39,
  0xc5, 0x00, 0x00, 0x00, 0x68, 0x79, 0x62, 0x72, 0x69, 0x64, 0x5f, 0x65,
  0x63, 0x67, 0x5f, 0x64, 0x65, 0x70, 0x6c, 0x6f, 0x79, 0x5f, 0x31, 0x2f,
  0x63, 0x6f, 0x6e, 0x76, 0x31, 0x64, 0x5f, 0x31, 0x2f, 0x52, 0x65, 0x6c,
  0x75, 0x3b, 0x68, 0x79, 0x62, 0x72, 0x69, 0x64, 0x5f, 0x65, 0x63, 0x67,
  0x5f, 0x64, 0x65, 0x70, 0x6c, 0x6f, 0x79, 0x5f, 0x31, 0x2f, 0x63, 0x6f,
  0x6e, 0x76, 0x31, 0x64, 0x5f, 0x31, 0x2f, 0x42, 0x69, 0x61, 0x73, 0x41,
  0x64, 0x64, 0x3b, 0x68, 0x79, 0x62, 0x72, 0x69, 0x64, 0x5f, 0x65, 0x63,
  0x67, 0x5f, 0x64, 0x65, 0x70, 0x6c, 0x6f, 0x79, 0x5f, 0x31, 0x2f, 0x63,
  0x6f, 0x6e, 0x76, 0x31, 0x64, 0x5f, 0x31, 0x2f, 0x63, 0x6f, 0x6e, 0x76,
  0x6f, 0x6c, 0x75, 0x74, 0x69, 0x6f, 0x6e, 0x2f, 0x53, 0x71, 0x75, 0x65,
  0x65, 0x7a, 0x65, 0x3b, 0x68, 0x79, 0x62, 0x72, 0x69, 0x64, 0x5f, 0x65,
  0x63, 0x67, 0x5f, 0x64, 0x65, 0x70, 0x6c, 0x6f, 0x79, 0x5f, 0x31, 0x2f,
  0x63, 0x6f, 0x6e, 0x76, 0x31, 0x64, 0x5f, 0x31, 0x2f, 0x53, 0x71, 0x75,
  0x65, 0x65, 0x7a, 0x65, 0x3b, 0x68, 0x79, 0x62, 0x72, 0x69, 0x64, 0x5f,
  0x65, 0x63, 0x67, 0x5f, 0x64, 0x65, 0x70, 0x6c, 0x6f, 0x79, 0x5f, 0x31,
  0x2f, 0x63, 0x6f, 0x6e, 0x76, 0x31, 0x64, 0x5f, 0x31, 0x2f, 0x63, 0x6f,
  0x6e, 0x76, 0x6f, 0x6c, 0x75, 0x74, 0x69, 0x6f, 0x6e, 0x00, 0x00, 0x00,
  0x01, 0x00, 0x00, 0x00, 0x10, 0x00, 0x00, 0x00, 0x5e, 0xeb, 0xff, 0xff,
  0x00, 0x00, 0x00, 0x01, 0x14, 0x00, 0x00, 0x00, 0xa8, 0x01, 0x00, 0x00,
  0x17, 0x00, 0x00, 0x00, 0x00, 0x00, 0x00, 0x09, 0xcc, 0x01, 0x00, 0x00,
  0x5c, 0xea, 0xff, 0xff, 0x08, 0x00, 0x00, 0x00, 0x0c, 0x01, 0x00, 0x00,
  0x20, 0x00, 0x00, 0x00, 0x00, 0x00, 0x00, 0x00, 0x00, 0x00, 0x00, 0x00,
  0x00, 0x00, 0x00, 0x00, 0x00, 0x00, 0x00, 0x00, 0x00, 0x00, 0x00, 0x00,
  0x00, 0x00, 0x00, 0x00, 0x00, 0x00, 0x00, 0x00, 0x00, 0x00, 0x00, 0x00,
  0x00, 0x00, 0x00, 0x00, 0x00, 0x00, 0x00, 0x00, 0x00, 0x00, 0x00, 0x00,
  0x00, 0x00, 0x00, 0x00, 0x00, 0x00, 0x00, 0x00, 0x00, 0x00, 0x00, 0x00,
  0x00, 0x00, 0x00, 0x00, 0x00, 0x00, 0x00, 0x00, 0x00, 0x00, 0x00, 0x00,
  0x00, 0x00, 0x00, 0x00, 0x00, 0x00, 0x00, 0x00, 0x00, 0x00, 0x00, 0x00,
  0x00, 0x00, 0x00, 0x00, 0x00, 0x00, 0x00, 0x00, 0x00, 0x00, 0x00, 0x00,
  0x00, 0x00, 0x00, 0x00, 0x00, 0x00, 0x00, 0x00, 0x00, 0x00, 0x00, 0x00,
  0x00, 0x00, 0x00, 0x00, 0x00, 0x00, 0x00, 0x00, 0x00, 0x00, 0x00, 0x00,
  0x00, 0x00, 0x00, 0x00, 0x00, 0x00, 0x00, 0x00, 0x00, 0x00, 0x00, 0x00,
  0x00, 0x00, 0x00, 0x00, 0x00, 0x00, 0x00, 0x00, 0x00, 0x00, 0x00, 0x00,
  0x00, 0x00, 0x00, 0x00, 0x00, 0x00, 0x00, 0x00, 0x00, 0x00, 0x00, 0x00,
  0x00, 0x00, 0x00, 0x00, 0x00, 0x00, 0x00, 0x00, 0x00, 0x00, 0x00, 0x00,
  0x00, 0x00, 0x00, 0x00, 0x00, 0x00, 0x00, 0x00, 0x00, 0x00, 0x00, 0x00,
  0x00, 0x00, 0x00, 0x00, 0x00, 0x00, 0x00, 0x00, 0x00, 0x00, 0x00, 0x00,
  0x00, 0x00, 0x00, 0x00, 0x00, 0x00, 0x00, 0x00, 0x00, 0x00, 0x00, 0x00,
  0x00, 0x00, 0x00, 0x00, 0x00, 0x00, 0x00, 0x00, 0x00, 0x00, 0x00, 0x00,
  0x00, 0x00, 0x00, 0x00, 0x00, 0x00, 0x00, 0x00, 0x00, 0x00, 0x00, 0x00,
  0x00, 0x00, 0x00, 0x00, 0x00, 0x00, 0x00, 0x00, 0x00, 0x00, 0x00, 0x00,
  0x00, 0x00, 0x00, 0x00, 0x00, 0x00, 0x00, 0x00, 0x00, 0x00, 0x00, 0x00,
  0x00, 0x00, 0x00, 0x00, 0x00, 0x00, 0x00, 0x00, 0x00, 0x00, 0x00, 0x00,
  0x20, 0x00, 0x00, 0x00, 0xb2, 0x01, 0xf6, 0x3a, 0x2c, 0x00, 0xbb, 0x3a,
  0xb1, 0x69, 0x54, 0x3b, 0xd6, 0x58, 0x15, 0x3b, 0x57, 0x38, 0x80, 0x3b,
  0x5d, 0x83, 0x47, 0x3b, 0xac, 0x31, 0xfa, 0x3a, 0x0b, 0x93, 0x7d, 0x3b,
  0x5e, 0x08, 0xdc, 0x3a, 0x94, 0x52, 0x32, 0x3b, 0x80, 0xd6, 0xdd, 0x3a,
  0x86, 0x41, 0x02, 0x3b, 0x64, 0xb0, 0x41, 0x3b, 0xca, 0x5a, 0x32, 0x3b,
  0x9e, 0x0b, 0x65, 0x3b, 0xae, 0xb6, 0xbd, 0x3b, 0x6d, 0x44, 0x58, 0x3b,
  0xb6, 0xb9, 0x6e, 0x3b, 0x99, 0x2b, 0x50, 0x3b, 0xd8, 0x93, 0x86, 0x3b,
  0xde, 0x15, 0x36, 0x3b, 0x91, 0xae, 0xc2, 0x3a, 0x34, 0xdd, 0x38, 0x3b,
  0x17, 0xb8, 0x5f, 0x3b, 0x0b, 0x5f, 0xb0, 0x3a, 0xdc, 0x69, 0x41, 0x3b,
  0x2c, 0x65, 0x85, 0x3b, 0x70, 0x30, 0x7b, 0x3b, 0x6c, 0x9c, 0x1e, 0x3b,
  0x58, 0x02, 0x89, 0x3b, 0xa1, 0x59, 0xe5, 0x3a, 0xec, 0xc6, 0xa4, 0x3b,
  0x2a, 0x00, 0x00, 0x00, 0x68, 0x79, 0x62, 0x72, 0x69, 0x64, 0x5f, 0x65,
  0x63, 0x67, 0x5f, 0x64, 0x65, 0x70, 0x6c, 0x6f, 0x79, 0x5f, 0x31, 0x2f,
  0x63, 0x6f, 0x6e, 0x76, 0x31, 0x64, 0x5f, 0x31, 0x5f, 0x32, 0x2f, 0x63,
  0x6f, 0x6e, 0x76, 0x6f, 0x6c, 0x75, 0x74, 0x69, 0x6f, 0x6e, 0x00, 0x00,
  0x04, 0x00, 0x00, 0x00, 0x20, 0x00, 0x00, 0x00, 0x01, 0x00, 0x00, 0x00,
  0x05, 0x00, 0x00, 0x00, 0x10, 0x00, 0x00, 0x00, 0x56, 0xed, 0xff, 0xff,
  0x00, 0x00, 0x00, 0x01, 0x14, 0x00, 0x00, 0x00, 0xa8, 0x01, 0x00, 0x00,
  0x16, 0x00, 0x00, 0x00, 0x00, 0x00, 0x00, 0x02, 0x70, 0x02, 0x00, 0x00,
  0x54, 0xec, 0xff, 0xff, 0x08, 0x00, 0x00, 0x00, 0x0c, 0x01, 0x00, 0x00,
  0x20, 0x00, 0x00, 0x00, 0x00, 0x00, 0x00, 0x00, 0x00, 0x00, 0x00, 0x00,
  0x00, 0x00, 0x00, 0x00, 0x00, 0x00, 0x00, 0x00, 0x00, 0x00, 0x00, 0x00,
  0x00, 0x00, 0x00, 0x00, 0x00, 0x00, 0x00, 0x00, 0x00, 0x00, 0x00, 0x00,
  0x00, 0x00, 0x00, 0x00, 0x00, 0x00, 0x00, 0x00, 0x00, 0x00, 0x00, 0x00,
  0x00, 0x00, 0x00, 0x00, 0x00, 0x00, 0x00, 0x00, 0x00, 0x00, 0x00, 0x00,
  0x00, 0x00, 0x00, 0x00, 0x00, 0x00, 0x00, 0x00, 0x00, 0x00, 0x00, 0x00,
  0x00, 0x00, 0x00, 0x00, 0x00, 0x00, 0x00, 0x00, 0x00, 0x00, 0x00, 0x00,
  0x00, 0x00, 0x00, 0x00, 0x00, 0x00, 0x00, 0x00, 0x00, 0x00, 0x00, 0x00,
  0x00, 0x00, 0x00, 0x00, 0x00, 0x00, 0x00, 0x00, 0x00, 0x00, 0x00, 0x00,
  0x00, 0x00, 0x00, 0x00, 0x00, 0x00, 0x00, 0x00, 0x00, 0x00, 0x00, 0x00,
  0x00, 0x00, 0x00, 0x00, 0x00, 0x00, 0x00, 0x00, 0x00, 0x00, 0x00, 0x00,
  0x00, 0x00, 0x00, 0x00, 0x00, 0x00, 0x00, 0x00, 0x00, 0x00, 0x00, 0x00,
  0x00, 0x00, 0x00, 0x00, 0x00, 0x00, 0x00, 0x00, 0x00, 0x00, 0x00, 0x00,
  0x00, 0x00, 0x00, 0x00, 0x00, 0x00, 0x00, 0x00, 0x00, 0x00, 0x00, 0x00,
  0x00, 0x00, 0x00, 0x00, 0x00, 0x00, 0x00, 0x00, 0x00, 0x00, 0x00, 0x00,
  0x00, 0x00, 0x00, 0x00, 0x00, 0x00, 0x00, 0x00, 0x00, 0x00, 0x00, 0x00,
  0x00, 0x00, 0x00, 0x00, 0x00, 0x00, 0x00, 0x00, 0x00, 0x00, 0x00, 0x00,
  0x00, 0x00, 0x00, 0x00, 0x00, 0x00, 0x00, 0x00, 0x00, 0x00, 0x00, 0x00,
  0x00, 0x00, 0x00, 0x00, 0x00, 0x00, 0x00, 0x00, 0x00, 0x00, 0x00, 0x00,
  0x00, 0x00, 0x00, 0x00, 0x00, 0x00, 0x00, 0x00, 0x00, 0x00, 0x00, 0x00,
  0x00, 0x00, 0x00, 0x00, 0x00, 0x00, 0x00, 0x00, 0x00, 0x00, 0x00, 0x00,
  0x00, 0x00, 0x00, 0x00, 0x00, 0x00, 0x00, 0x00, 0x00, 0x00, 0x00, 0x00,
  0x20, 0x00, 0x00, 0x00, 0xe0, 0xae, 0x94, 0x38, 0x9a, 0x0a, 0x62, 0x38,
  0x26, 0x61, 0x00, 0x39, 0xd4, 0x86, 0xb4, 0x38, 0x2f, 0xfd, 0x1a, 0x39,
  0x88, 0x2a, 0xf1, 0x38, 0xc4, 0x36, 0x97, 0x38, 0xc9, 0x41, 0x19, 0x39,
  0x1d, 0xfc, 0x84, 0x38, 0x33, 0x8d, 0xd7, 0x38, 0x6b, 0x13, 0x86, 0x38,
  0x2d, 0x73, 0x9d, 0x38, 0x49, 0x20, 0xea, 0x38, 0x20, 0x97, 0xd7, 0x38,
  0x95, 0x6e, 0x0a, 0x39, 0x1a, 0x52, 0x65, 0x39, 0x85, 0xb5, 0x02, 0x39,
  0x4f, 0x48, 0x10, 0x39, 0x75, 0xa1, 0xfb, 0x38, 0x78, 0xac, 0x22, 0x39,
  0x99, 0x19, 0xdc, 0x38, 0x87, 0x53, 0x6b, 0x38, 0x71, 0x75, 0xdf, 0x38,
  0x7c, 0x36, 0x07, 0x39, 0x60, 0x31, 0x55, 0x38, 0x07, 0xcb, 0xe9, 0x38,
  0x9b, 0x3e, 0x21, 0x39, 0xbe, 0xd0, 0x17, 0x39, 0x8a, 0xb9, 0xbf, 0x38,
  0xee, 0x9c, 0x25, 0x39, 0xbb, 0x9d, 0x8a, 0x38, 0x96, 0x2d, 0x47, 0x39,
  0xcf, 0x00, 0x00, 0x00, 0x68, 0x79, 0x62, 0x72, 0x69, 0x64, 0x5f, 0x65,
  0x63, 0x67, 0x5f, 0x64, 0x65, 0x70, 0x6c, 0x6f, 0x79, 0x5f, 0x31, 0x2f,
  0x63, 0x6f, 0x6e, 0x76, 0x31, 0x64, 0x5f, 0x31, 0x5f, 0x32, 0x2f, 0x52,
  0x65, 0x6c, 0x75, 0x3b, 0x68, 0x79, 0x62, 0x72, 0x69, 0x64, 0x5f, 0x65,
  0x63, 0x67, 0x5f, 0x64, 0x65, 0x70, 0x6c, 0x6f, 0x79, 0x5f, 0x31, 0x2f,
  0x63, 0x6f, 0x6e, 0x76, 0x31, 0x64, 0x5f, 0x31, 0x5f, 0x32, 0x2f, 0x42,
  0x69, 0x61, 0x73, 0x41, 0x64, 0x64, 0x3b, 0x68, 0x79, 0x62, 0x72, 0x69,
  0x64, 0x5f, 0x65, 0x63, 0x67, 0x5f, 0x64, 0x65, 0x70, 0x6c, 0x6f, 0x79,
  0x5f, 0x31, 0x2f, 0x63, 0x6f, 0x6e, 0x76, 0x31, 0x64, 0x5f, 0x31, 0x5f,
  0x32, 0x2f, 0x63, 0x6f, 0x6e, 0x76, 0x6f, 0x6c, 0x75, 0x74, 0x69, 0x6f,
  0x6e, 0x2f, 0x53, 0x71, 0x75, 0x65, 0x65, 0x7a, 0x65, 0x3b, 0x68, 0x79,
  0x62, 0x72, 0x69, 0x64, 0x5f, 0x65, 0x63, 0x67, 0x5f, 0x64, 0x65, 0x70,
  0x6c, 0x6f, 0x79, 0x5f, 0x31, 0x2f, 0x63, 0x6f, 0x6e, 0x76, 0x31, 0x64,
  0x5f, 0x31, 0x5f, 0x32, 0x2f, 0x53, 0x71, 0x75, 0x65, 0x65, 0x7a, 0x65,
  0x3b, 0x68, 0x79, 0x62, 0x72, 0x69, 0x64, 0x5f, 0x65, 0x63, 0x67, 0x5f,
  0x64, 0x65, 0x70, 0x6c, 0x6f, 0x79, 0x5f, 0x31, 0x2f, 0x63, 0x6f, 0x6e,
  0x76, 0x31, 0x64, 0x5f, 0x31, 0x5f, 0x32, 0x2f, 0x63, 0x6f, 0x6e, 0x76,
  0x6f, 0x6c, 0x75, 0x74, 0x69, 0x6f, 0x6e, 0x00, 0x01, 0x00, 0x00, 0x00,
  0x20, 0x00, 0x00, 0x00, 0xe6, 0xef, 0xff, 0xff, 0x00, 0x00, 0x00, 0x01,
  0x14, 0x00, 0x00, 0x00, 0xa8, 0x01, 0x00, 0x00, 0x15, 0x00, 0x00, 0x00,
  0x00, 0x00, 0x00, 0x09, 0xcc, 0x01, 0x00, 0x00, 0xe4, 0xee, 0xff, 0xff,
  0x08, 0x00, 0x00, 0x00, 0x0c, 0x01, 0x00, 0x00, 0x20, 0x00, 0x00, 0x00,
  0x00, 0x00, 0x00, 0x00, 0x00, 0x00, 0x00, 0x00, 0x00, 0x00, 0x00, 0x00,
  0x00, 0x00, 0x00, 0x00, 0x00, 0x00, 0x00, 0x00, 0x00, 0x00, 0x00, 0x00,
  0x00, 0x00, 0x00, 0x00, 0x00, 0x00, 0x00, 0x00, 0x00, 0x00, 0x00, 0x00,
  0x00, 0x00, 0x00, 0x00, 0x00, 0x00, 0x00, 0x00, 0x00, 0x00, 0x00, 0x00,
  0x00, 0x00, 0x00, 0x00, 0x00, 0x00, 0x00, 0x00, 0x00, 0x00, 0x00, 0x00,
  0x00, 0x00, 0x00, 0x00, 0x00, 0x00, 0x00, 0x00, 0x00, 0x00, 0x00, 0x00,
  0x00, 0x00, 0x00, 0x00, 0x00, 0x00, 0x00, 0x00, 0x00, 0x00, 0x00, 0x00,
  0x00, 0x00, 0x00, 0x00, 0x00, 0x00, 0x00, 0x00, 0x00, 0x00, 0x00, 0x00,
  0x00, 0x00, 0x00, 0x00, 0x00, 0x00, 0x00, 0x00, 0x00, 0x00, 0x00, 0x00,
  0x00, 0x00, 0x00, 0x00, 0x00, 0x00, 0x00, 0x00, 0x00, 0x00, 0x00, 0x00,
  0x00, 0x00, 0x00, 0x00, 0x00, 0x00, 0x00, 0x00, 0x00, 0x00, 0x00, 0x00,
  0x00, 0x00, 0x00, 0x00, 0x00, 0x00, 0x00, 0x00, 0x00, 0x00, 0x00, 0x00,
  0x00, 0x00, 0x00, 0x00, 0x00, 0x00, 0x00, 0x00, 0x00, 0x00, 0x00, 0x00,
  0x00, 0x00, 0x00, 0x00, 0x00, 0x00, 0x00, 0x00, 0x00, 0x00, 0x00, 0x00,
  0x00, 0x00, 0x00, 0x00, 0x00, 0x00, 0x00, 0x00, 0x00, 0x00, 0x00, 0x00,
  0x00, 0x00, 0x00, 0x00, 0x00, 0x00, 0x00, 0x00, 0x00, 0x00, 0x00, 0x00,
  0x00, 0x00, 0x00, 0x00, 0x00, 0x00, 0x00, 0x00, 0x00, 0x00, 0x00, 0x00,
  0x00, 0x00, 0x00, 0x00, 0x00, 0x00, 0x00, 0x00, 0x00, 0x00, 0x00, 0x00,
  0x00, 0x00, 0x00, 0x00, 0x00, 0x00, 0x00, 0x00, 0x00, 0x00, 0x00, 0x00,
  0x00, 0x00, 0x00, 0x00, 0x00, 0x00, 0x00, 0x00, 0x00, 0x00, 0x00, 0x00,
  0x00, 0x00, 0x00, 0x00, 0x00, 0x00, 0x00, 0x00, 0x00, 0x00, 0x00, 0x00,
  0x00, 0x00, 0x00, 0x00, 0x00, 0x00, 0x00, 0x00, 0x20, 0x00, 0x00, 0x00,
  0xb6, 0x55, 0x41, 0x3b, 0x8b, 0xba, 0x91, 0x3b, 0xcc, 0x68, 0x7c, 0x3b,
  0x91, 0x02, 0x25, 0x3b, 0xc5, 0x59, 0x24, 0x3b, 0x3c, 0xc2, 0xea, 0x3a,
  0xf0, 0x43, 0x8c, 0x3b, 0x7e, 0x2a, 0x69, 0x3b, 0xb1, 0xe3, 0x39, 0x3b,
  0x3d, 0x02, 0x40, 0x3b, 0xdf, 0x41, 0x7f, 0x3b, 0x16, 0x12, 0x57, 0x3b,
  0x18, 0x59, 0xde, 0x3a, 0x0f, 0x8d, 0x87, 0x3b, 0xe9, 0xc1, 0x1f, 0x3b,
  0xc1, 0xf0, 0xe8, 0x3a, 0xef, 0x5f, 0x55, 0x3b, 0x19, 0xd3, 0x5e, 0x3b,
  0x04, 0x3e, 0xaa, 0x3b, 0x79, 0xf9, 0x3e, 0x3b, 0x2f, 0xce, 0x7f, 0x3b,
  0x1b, 0x48, 0x35, 0x3b, 0x08, 0x49, 0x91, 0x3b, 0xde, 0x45, 0x40, 0x3b,
  0x4e, 0xda, 0x1b, 0x3b, 0x47, 0xd9, 0x38, 0x3b, 0x62, 0x7c, 0x03, 0x3b,
  0x88, 0x42, 0x83, 0x3b, 0x3f, 0x13, 0x8d, 0x3b, 0x78, 0x74, 0x5c, 0x3b,
  0xcf, 0xf9, 0x75, 0x3b, 0x7e, 0x8d, 0x85, 0x3b, 0x2a, 0x00, 0x00, 0x00,
  0x68, 0x79, 0x62, 0x72, 0x69, 0x64, 0x5f, 0x65, 0x63, 0x67, 0x5f, 0x64,
  0x65, 0x70, 0x6c, 0x6f, 0x79, 0x5f, 0x31, 0x2f, 0x63, 0x6f, 0x6e, 0x76,
  0x31, 0x64, 0x5f, 0x32, 0x5f, 0x31, 0x2f, 0x63, 0x6f, 0x6e, 0x76, 0x6f,
  0x6c, 0x75, 0x74, 0x69, 0x6f, 0x6e, 0x00, 0x00, 0x04, 0x00, 0x00, 0x00,
  0x20, 0x00, 0x00, 0x00, 0x01, 0x00, 0x00, 0x00, 0x03, 0x00, 0x00, 0x00,
  0x20, 0x00, 0x00, 0x00, 0xde, 0xf1, 0xff, 0xff, 0x00, 0x00, 0x00, 0x01,
  0x14, 0x00, 0x00, 0x00, 0xa8, 0x01, 0x00, 0x00, 0x14, 0x00, 0x00, 0x00,
  0x00, 0x00, 0x00, 0x02, 0x70, 0x02, 0x00, 0x00, 0xdc, 0xf0, 0xff, 0xff,
  0x08, 0x00, 0x00, 0x00, 0x0c, 0x01, 0x00, 0x00, 0x20, 0x00, 0x00, 0x00,
  0x00, 0x00, 0x00, 0x00, 0x00, 0x00, 0x00, 0x00, 0x00, 0x00, 0x00, 0x00,
  0x00, 0x00, 0x00, 0x00, 0x00, 0x00, 0x00, 0x00, 0x00, 0x00, 0x00, 0x00,
  0x00, 0x00, 0x00, 0x00, 0x00, 0x00, 0x00, 0x00, 0x00, 0x00, 0x00, 0x00,
  0x00, 0x00, 0x00, 0x00, 0x00, 0x00, 0x00, 0x00, 0x00, 0x00, 0x00, 0x00,
  0x00, 0x00, 0x00, 0x00, 0x00, 0x00, 0x00, 0x00, 0x00, 0x00, 0x00, 0x00,
  0x00, 0x00, 0x00, 0x00, 0x00, 0x00, 0x00, 0x00, 0x00, 0x00, 0x00, 0x00,
  0x00, 0x00, 0x00, 0x00, 0x00, 0x00, 0x00, 0x00, 0x00, 0x00, 0x00, 0x00,
  0x00, 0x00, 0x00, 0x00, 0x00, 0x00, 0x00, 0x00, 0x00, 0x00, 0x00, 0x00,
  0x00, 0x00, 0x00, 0x00, 0x00, 0x00, 0x00, 0x00, 0x00, 0x00, 0x00, 0x00,
  0x00, 0x00, 0x00, 0x00, 0x00, 0x00, 0x00, 0x00, 0x00, 0x00, 0x00, 0x00,
  0x00, 0x00, 0x00, 0x00, 0x00, 0x00, 0x00, 0x00, 0x00, 0x00, 0x00, 0x00,
  0x00, 0x00, 0x00, 0x00, 0x00, 0x00, 0x00, 0x00, 0x00, 0x00, 0x00, 0x00,
  0x00, 0x00, 0x00, 0x00, 0x00, 0x00, 0x00, 0x00, 0x00, 0x00, 0x00, 0x00,
  0x00, 0x00, 0x00, 0x00, 0x00, 0x00, 0x00, 0x00, 0x00, 0x00, 0x00, 0x00,
  0x00, 0x00, 0x00, 0x00, 0x00, 0x00, 0x00, 0x00, 0x00, 0x00, 0x00, 0x00,
  0x00, 0x00, 0x00, 0x00, 0x00, 0x00, 0x00, 0x00, 0x00, 0x00, 0x00, 0x00,
  0x00, 0x00, 0x00, 0x00, 0x00, 0x00, 0x00, 0x00, 0x00, 0x00, 0x00, 0x00,
  0x00, 0x00, 0x00, 0x00, 0x00, 0x00, 0x00, 0x00, 0x00, 0x00, 0x00, 0x00,
  0x00, 0x00, 0x00, 0x00, 0x00, 0x00, 0x00, 0x00, 0x00, 0x00, 0x00, 0x00,
  0x00, 0x00, 0x00, 0x00, 0x00, 0x00, 0x00, 0x00, 0x00, 0x00, 0x00, 0x00,
  0x00, 0x00, 0x00, 0x00, 0x00, 0x00, 0x00, 0x00, 0x00, 0x00, 0x00, 0x00,
  0x00, 0x00, 0x00, 0x00, 0x00, 0x00, 0x00, 0x00, 0x20, 0x00, 0x00, 0x00,
  0x54, 0xb6, 0x10, 0x39, 0x53, 0x28, 0x5a, 0x39, 0x0c, 0xee, 0x3c, 0x39,
  0x9c, 0x05, 0xf7, 0x38, 0xeb, 0x08, 0xf6, 0x38, 0xe0, 0xb7, 0xaf, 0x38,
  0x99, 0xfa, 0x51, 0x39, 0xae, 0x86, 0x2e, 0x39, 0xa9, 0x23, 0x0b, 0x39,
  0x3b, 0xb8, 0x0f, 0x39, 0xc3, 0x0f, 0x3f, 0x39, 0x4c, 0xfb, 0x20, 0x39,
  0xc4, 0x6d, 0xa6, 0x38, 0xe3, 0xeb, 0x4a, 0x39, 0xa5, 0x28, 0xef, 0x38,
  0x76, 0x5b, 0xae, 0x38, 0x54, 0xb6, 0x1f, 0x39, 0x16, 0xc9, 0x26, 0x39,
  0xc8, 0xda, 0x7e, 0x39, 0x0d, 0xf2, 0x0e, 0x39, 0xc9, 0x78, 0x3f, 0x39,
  0xbc, 0xb0, 0x07, 0x39, 0x66, 0x7e, 0x59, 0x39, 0xda, 0xea, 0x0f, 0x39,
  0x39, 0x50, 0xe9, 0x38, 0x40, 0x5c, 0x0a, 0x39, 0xfb, 0xd5, 0xc4, 0x38,
  0x61, 0x7f, 0x44, 0x39, 0xf1, 0x30, 0x53, 0x39, 0x06, 0x03, 0x25, 0x39,
  0x44, 0x1d, 0x38, 0x39, 0x10, 0xee, 0x47, 0x39, 0xcf, 0x00, 0x00, 0x00,
  0x68, 0x79, 0x62, 0x72, 0x69, 0x64, 0x5f, 0x65, 0x63, 0x67, 0x5f, 0x64,
  0x65, 0x70, 0x6c, 0x6f, 0x79, 0x5f, 0x31, 0x2f, 0x63, 0x6f, 0x6e, 0x76,
  0x31, 0x64, 0x5f, 0x32, 0x5f, 0x31, 0x2f, 0x52, 0x65, 0x6c, 0x75, 0x3b,
  0x68, 0x79, 0x62, 0x72, 0x69, 0x64, 0x5f, 0x65, 0x63, 0x67, 0x5f, 0x64,
  0x65, 0x70, 0x6c, 0x6f, 0x79, 0x5f, 0x31, 0x2f, 0x63, 0x6f, 0x6e, 0x76,
  0x31, 0x64, 0x5f, 0x32, 0x5f, 0x31, 0x2f, 0x42, 0x69, 0x61, 0x73, 0x41,
  0x64, 0x64, 0x3b, 0x68, 0x79, 0x62, 0x72, 0x69, 0x64, 0x5f, 0x65, 0x63,
  0x67, 0x5f, 0x64, 0x65, 0x70, 0x6c, 0x6f, 0x79, 0x5f, 0x31, 0x2f, 0x63,
  0x6f, 0x6e, 0x76, 0x31, 0x64, 0x5f, 0x32, 0x5f, 0x31, 0x2f, 0x63, 0x6f,
  0x6e, 0x76, 0x6f, 0x6c, 0x75, 0x74, 0x69, 0x6f, 0x6e, 0x2f, 0x53, 0x71,
  0x75, 0x65, 0x65, 0x7a, 0x65, 0x3b, 0x68, 0x79, 0x62, 0x72, 0x69, 0x64,
  0x5f, 0x65, 0x63, 0x67, 0x5f, 0x64, 0x65, 0x70, 0x6c, 0x6f, 0x79, 0x5f,
  0x31, 0x2f, 0x63, 0x6f, 0x6e, 0x76, 0x31, 0x64, 0x5f, 0x32, 0x5f, 0x31,
  0x2f, 0x53, 0x71, 0x75, 0x65, 0x65, 0x7a, 0x65, 0x3b, 0x68, 0x79, 0x62,
  0x72, 0x69, 0x64, 0x5f, 0x65, 0x63, 0x67, 0x5f, 0x64, 0x65, 0x70, 0x6c,
  0x6f, 0x79, 0x5f, 0x31, 0x2f, 0x63, 0x6f, 0x6e, 0x76, 0x31, 0x64, 0x5f,
  0x32, 0x5f, 0x31, 0x2f, 0x63, 0x6f, 0x6e, 0x76, 0x6f, 0x6c, 0x75, 0x74,
  0x69, 0x6f, 0x6e, 0x00, 0x01, 0x00, 0x00, 0x00, 0x20, 0x00, 0x00, 0x00,
  0x00, 0x00, 0x16, 0x00, 0x1e, 0x00, 0x18, 0x00, 0x17, 0x00, 0x10, 0x00,
  0x0c, 0x00, 0x08, 0x00, 0x00, 0x00, 0x00, 0x00, 0x00, 0x00, 0x07, 0x00,
  0x16, 0x00, 0x00, 0x00, 0x00, 0x00, 0x00, 0x01, 0x28, 0x00, 0x00, 0x00,
  0xbc, 0x01, 0x00, 0x00, 0x13, 0x00, 0x00, 0x00, 0x00, 0x00, 0x00, 0x09,
  0xdc, 0x01, 0x00, 0x00, 0x00, 0x00, 0x12, 0x00, 0x10, 0x00, 0x00, 0x00,
  0x00, 0x00, 0x0c, 0x00, 0x08, 0x00, 0x00, 0x00, 0x00, 0x00, 0x04, 0x00,
  0x12, 0x00, 0x00, 0x00, 0x03, 0x00, 0x00, 0x00, 0x08, 0x00, 0x00, 0x00,
  0x08, 0x01, 0x00, 0x00, 0x20, 0x00, 0x00, 0x00, 0x00, 0x00, 0x00, 0x00,
  0x00, 0x00, 0x00, 0x00, 0x00, 0x00, 0x00, 0x00, 0x00, 0x00, 0x00, 0x00,
  0x00, 0x00, 0x00, 0x00, 0x00, 0x00, 0x00, 0x00, 0x00, 0x00, 0x00, 0x00,
  0x00, 0x00, 0x00, 0x00, 0x00, 0x00, 0x00, 0x00, 0x00, 0x00, 0x00, 0x00,
  0x00, 0x00, 0x00, 0x00, 0x00, 0x00, 0x00, 0x00, 0x00, 0x00, 0x00, 0x00,
  0x00, 0x00, 0x00, 0x00, 0x00, 0x00, 0x00, 0x00, 0x00, 0x00, 0x00, 0x00,
  0x00, 0x00, 0x00, 0x00, 0x00, 0x00, 0x00, 0x00, 0x00, 0x00, 0x00, 0x00,
  0x00, 0x00, 0x00, 0x00, 0x00, 0x00, 0x00, 0x00, 0x00, 0x00, 0x00, 0x00,
  0x00, 0x00, 0x00, 0x00, 0x00, 0x00, 0x00, 0x00, 0x00, 0x00, 0x00, 0x00,
  0x00, 0x00, 0x00, 0x00, 0x00, 0x00, 0x00, 0x00, 0x00, 0x00, 0x00, 0x00,
  0x00, 0x00, 0x00, 0x00, 0x00, 0x00, 0x00, 0x00, 0x00, 0x00, 0x00, 0x00,
  0x00, 0x00, 0x00, 0x00, 0x00, 0x00, 0x00, 0x00, 0x00, 0x00, 0x00, 0x00,
  0x00, 0x00, 0x00, 0x00, 0x00, 0x00, 0x00, 0x00, 0x00, 0x00, 0x00, 0x00,
  0x00, 0x00, 0x00, 0x00, 0x00, 0x00, 0x00, 0x00, 0x00, 0x00, 0x00, 0x00,
  0x00, 0x00, 0x00, 0x00, 0x00, 0x00, 0x00, 0x00, 0x00, 0x00, 0x00, 0x00,
  0x00, 0x00, 0x00, 0x00, 0x00, 0x00, 0x00, 0x00, 0x00, 0x00, 0x00, 0x00,
  0x00, 0x00, 0x00, 0x00, 0x00, 0x00, 0x00, 0x00, 0x00, 0x00, 0x00, 0x00,
  0x00, 0x00, 0x00, 0x00, 0x00, 0x00, 0x00, 0x00, 0x00, 0x00, 0x00, 0x00,
  0x00, 0x00, 0x00, 0x00, 0x00, 0x00, 0x00, 0x00, 0x00, 0x00, 0x00, 0x00,
  0x00, 0x00, 0x00, 0x00, 0x00, 0x00, 0x00, 0x00, 0x00, 0x00, 0x00, 0x00,
  0x00, 0x00, 0x00, 0x00, 0x00, 0x00, 0x00, 0x00, 0x00, 0x00, 0x00, 0x00,
  0x00, 0x00, 0x00, 0x00, 0x00, 0x00, 0x00, 0x00, 0x00, 0x00, 0x00, 0x00,
  0x20, 0x00, 0x00, 0x00, 0x04, 0x02, 0x81, 0x39, 0x04, 0x02, 0x81, 0x39,
  0x04, 0x02, 0x81, 0x39, 0x04, 0x02, 0x81, 0x39, 0x04, 0x02, 0x81, 0x39,
  0x04, 0x02, 0x81, 0x39, 0x04, 0x02, 0x81, 0x39, 0x04, 0x02, 0x81, 0x39,
  0x04, 0x02, 0x81, 0x39, 0x04, 0x02, 0x81, 0x39, 0x04, 0x02, 0x81, 0x39,
  0x04, 0x02, 0x81, 0x39, 0x04, 0x02, 0x81, 0x39, 0x04, 0x02, 0x81, 0x39,
  0x04, 0x02, 0x81, 0x39, 0x04, 0x02, 0x81, 0x39, 0x04, 0x02, 0x81, 0x39,
  0x04, 0x02, 0x81, 0x39, 0x04, 0x02, 0x81, 0x39, 0x04, 0x02, 0x81, 0x39,
  0x04, 0x02, 0x81, 0x39, 0x04, 0x02, 0x81, 0x39, 0x04, 0x02, 0x81, 0x39,
  0x04, 0x02, 0x81, 0x39, 0x04, 0x02, 0x81, 0x39, 0x04, 0x02, 0x81, 0x39,
  0x04, 0x02, 0x81, 0x39, 0x04, 0x02, 0x81, 0x39, 0x04, 0x02, 0x81, 0x39,
  0x04, 0x02, 0x81, 0x39, 0x04, 0x02, 0x81, 0x39, 0x04, 0x02, 0x81, 0x39,
  0x26, 0x00, 0x00, 0x00, 0x68, 0x79, 0x62, 0x72, 0x69, 0x64, 0x5f, 0x65,
  0x63, 0x67, 0x5f, 0x64, 0x65, 0x70, 0x6c, 0x6f, 0x79, 0x5f, 0x31, 0x2f,
  0x67, 0x61, 0x70, 0x5f, 0x64, 0x77, 0x5f, 0x31, 0x2f, 0x64, 0x65, 0x70,
  0x74, 0x68, 0x77, 0x69, 0x73, 0x65, 0x00, 0x00, 0x04, 0x00, 0x00, 0x00,
  0x01, 0x00, 0x00, 0x00, 0x01, 0x00, 0x00, 0x00, 0x20, 0x00, 0x00, 0x00,
  0x20, 0x00, 0x00, 0x00, 0x8e, 0xf6, 0xff, 0xff, 0x00, 0x00, 0x00, 0x01,
  0x14, 0x00, 0x00, 0x00, 0xa8, 0x01, 0x00, 0x00, 0x12, 0x00, 0x00, 0x00,
  0x00, 0x00, 0x00, 0x02, 0xb0, 0x01, 0x00, 0x00, 0x8c, 0xf5, 0xff, 0xff,
  0x08, 0x00, 0x00, 0x00, 0x0c, 0x01, 0x00, 0x00, 0x20, 0x00, 0x00, 0x00,
  0x00, 0x00, 0x00, 0x00, 0x00, 0x00, 0x00, 0x00, 0x00, 0x00, 0x00, 0x00,
  0x00, 0x00, 0x00, 0x00, 0x00, 0x00, 0x00, 0x00, 0x00, 0x00, 0x00, 0x00,
  0x00, 0x00, 0x00, 0x00, 0x00, 0x00, 0x00, 0x00, 0x00, 0x00, 0x00, 0x00,
  0x00, 0x00, 0x00, 0x00, 0x00, 0x00, 0x00, 0x00, 0x00, 0x00, 0x00, 0x00,
  0x00, 0x00, 0x00, 0x00, 0x00, 0x00, 0x00, 0x00, 0x00, 0x00, 0x00, 0x00,
  0x00, 0x00, 0x00, 0x00, 0x00, 0x00, 0x00, 0x00, 0x00, 0x00, 0x00, 0x00,
  0x00, 0x00, 0x00, 0x00, 0x00, 0x00, 0x00, 0x00, 0x00, 0x00, 0x00, 0x00,
  0x00, 0x00, 0x00, 0x00, 0x00, 0x00, 0x00, 0x00, 0x00, 0x00, 0x00, 0x00,
  0x00, 0x00, 0x00, 0x00, 0x00, 0x00, 0x00, 0x00, 0x00, 0x00, 0x00, 0x00,
  0x00, 0x00, 0x00, 0x00, 0x00, 0x00, 0x00, 0x00, 0x00, 0x00, 0x00, 0x00,
  0x00, 0x00, 0x00, 0x00, 0x00, 0x00, 0x00, 0x00, 0x00, 0x00, 0x00, 0x00,
  0x00, 0x00, 0x00, 0x00, 0x00, 0x00, 0x00, 0x00, 0x00, 0x00, 0x00, 0x00,
  0x00, 0x00, 0x00, 0x00, 0x00, 0x00, 0x00, 0x00, 0x00, 0x00, 0x00, 0x00,
  0x00, 0x00, 0x00, 0x00, 0x00, 0x00, 0x00, 0x00, 0x00, 0x00, 0x00, 0x00,
  0x00, 0x00, 0x00, 0x00, 0x00, 0x00, 0x00, 0x00, 0x00, 0x00, 0x00, 0x00,
  0x00, 0x00, 0x00, 0x00, 0x00, 0x00, 0x00, 0x00, 0x00, 0x00, 0x00, 0x00,
  0x00, 0x00, 0x00, 0x00, 0x00, 0x00, 0x00, 0x00, 0x00, 0x00, 0x00, 0x00,
  0x00, 0x00, 0x00, 0x00, 0x00, 0x00, 0x00, 0x00, 0x00, 0x00, 0x00, 0x00,
  0x00, 0x00, 0x00, 0x00, 0x00, 0x00, 0x00, 0x00, 0x00, 0x00, 0x00, 0x00,
  0x00, 0x00, 0x00, 0x00, 0x00, 0x00, 0x00, 0x00, 0x00, 0x00, 0x00, 0x00,
  0x00, 0x00, 0x00, 0x00, 0x00, 0x00, 0x00, 0x00, 0x00, 0x00, 0x00, 0x00,
  0x00, 0x00, 0x00, 0x00, 0x00, 0x00, 0x00, 0x00, 0x20, 0x00, 0x00, 0x00,
  0x5a, 0x7a, 0xc7, 0x37, 0x5a, 0x7a, 0xc7, 0x37, 0x5a, 0x7a, 0xc7, 0x37,
  0x5a, 0x7a, 0xc7, 0x37, 0x5a, 0x7a, 0xc7, 0x37, 0x5a, 0x7a, 0xc7, 0x37,
  0x5a, 0x7a, 0xc7, 0x37, 0x5a, 0x7a, 0xc7, 0x37, 0x5a, 0x7a, 0xc7, 0x37,
  0x5a, 0x7a, 0xc7, 0x37, 0x5a, 0x7a, 0xc7, 0x37, 0x5a, 0x7a, 0xc7, 0x37,
  0x5a, 0x7a, 0xc7, 0x37, 0x5a, 0x7a, 0xc7, 0x37, 0x5a, 0x7a, 0xc7, 0x37,
  0x5a, 0x7a, 0xc7, 0x37, 0x5a, 0x7a, 0xc7, 0x37, 0x5a, 0x7a, 0xc7, 0x37,
  0x5a, 0x7a, 0xc7, 0x37, 0x5a, 0x7a, 0xc7, 0x37, 0x5a, 0x7a, 0xc7, 0x37,
  0x5a, 0x7a, 0xc7, 0x37, 0x5a, 0x7a, 0xc7, 0x37, 0x5a, 0x7a, 0xc7, 0x37,
  0x5a, 0x7a, 0xc7, 0x37, 0x5a, 0x7a, 0xc7, 0x37, 0x5a, 0x7a, 0xc7, 0x37,
  0x5a, 0x7a, 0xc7, 0x37, 0x5a, 0x7a, 0xc7, 0x37, 0x5a, 0x7a, 0xc7, 0x37,
  0x5a, 0x7a, 0xc7, 0x37, 0x5a, 0x7a, 0xc7, 0x37, 0x0f, 0x00, 0x00, 0x00,
  0x61, 0x72, 0x69, 0x74, 0x68, 0x2e, 0x63, 0x6f, 0x6e, 0x73, 0x74, 0x61,
  0x6e, 0x74, 0x31, 0x00, 0x01, 0x00, 0x00, 0x00, 0x20, 0x00, 0x00, 0x00,
  0x5e, 0xf8, 0xff, 0xff, 0x00, 0x00, 0x00, 0x01, 0x14, 0x00, 0x00, 0x00,
  0xe8, 0x00, 0x00, 0x00, 0x11, 0x00, 0x00, 0x00, 0x00, 0x00, 0x00, 0x09,
  0x0c, 0x01, 0x00, 0x00, 0x5c, 0xf7, 0xff, 0xff, 0x08, 0x00, 0x00, 0x00,
  0x8c, 0x00, 0x00, 0x00, 0x10, 0x00, 0x00, 0x00, 0x00, 0x00, 0x00, 0x00,
  0x00, 0x00, 0x00, 0x00, 0x00, 0x00, 0x00, 0x00, 0x00, 0x00, 0x00, 0x00,
  0x00, 0x00, 0x00, 0x00, 0x00, 0x00, 0x00, 0x00, 0x00, 0x00, 0x00, 0x00,
  0x00, 0x00, 0x00, 0x00, 0x00, 0x00, 0x00, 0x00, 0x00, 0x00, 0x00, 0x00,
  0x00, 0x00, 0x00, 0x00, 0x00, 0x00, 0x00, 0x00, 0x00, 0x00, 0x00, 0x00,
  0x00, 0x00, 0x00, 0x00, 0x00, 0x00, 0x00, 0x00, 0x00, 0x00, 0x00, 0x00,
  0x00, 0x00, 0x00, 0x00, 0x00, 0x00, 0x00, 0x00, 0x00, 0x00, 0x00, 0x00,
  0x00, 0x00, 0x00, 0x00, 0x00, 0x00, 0x00, 0x00, 0x00, 0x00, 0x00, 0x00,
  0x00, 0x00, 0x00, 0x00, 0x00, 0x00, 0x00, 0x00, 0x00, 0x00, 0x00, 0x00,
  0x00, 0x00, 0x00, 0x00, 0x00, 0x00, 0x00, 0x00, 0x00, 0x00, 0x00, 0x00,
  0x00, 0x00, 0x00, 0x00, 0x00, 0x00, 0x00, 0x00, 0x00, 0x00, 0x00, 0x00,
  0x00, 0x00, 0x00, 0x00, 0x00, 0x00, 0x00, 0x00, 0x10, 0x00, 0x00, 0x00,
  0x8b, 0x45, 0xe9, 0x3b, 0xe2, 0xbb, 0xd0, 0x3b, 0x22, 0x02, 0x0f, 0x3c,
  0x2a, 0xcf, 0x6d, 0x3b, 0x89, 0x47, 0xc2, 0x3b, 0x78, 0xc4, 0xed, 0x3b,
  0x72, 0x4e, 0x3f, 0x3b, 0x93, 0x04, 0x1b, 0x3c, 0x42, 0x6e, 0x9b, 0x3b,
  0x8b, 0xf1, 0x9f, 0x3b, 0x0d, 0x4a, 0x85, 0x3b, 0xb3, 0x8f, 0x79, 0x3b,
  0xbd, 0xc6, 0x25, 0x3b, 0xb4, 0xb9, 0xe0, 0x3b, 0xd0, 0xfb, 0x99, 0x3b,
  0xa3, 0x64, 0x76, 0x3b, 0x2b, 0x00, 0x00, 0x00, 0x68, 0x79, 0x62, 0x72,
  0x69, 0x64, 0x5f, 0x65, 0x63, 0x67, 0x5f, 0x64, 0x65, 0x70, 0x6c, 0x6f,
  0x79, 0x5f, 0x31, 0x2f, 0x64, 0x65, 0x6e, 0x73, 0x65, 0x5f, 0x31, 0x78,
  0x31, 0x5f, 0x31, 0x2f, 0x63, 0x6f, 0x6e, 0x76, 0x6f, 0x6c, 0x75, 0x74,
  0x69, 0x6f, 0x6e, 0x00, 0x04, 0x00, 0x00, 0x00, 0x10, 0x00, 0x00, 0x00,
  0x01, 0x00, 0x00, 0x00, 0x01, 0x00, 0x00, 0x00, 0x23, 0x00, 0x00, 0x00,
  0x96, 0xf9, 0xff, 0xff, 0x00, 0x00, 0x00, 0x01, 0x14, 0x00, 0x00, 0x00,
  0xe8, 0x00, 0x00, 0x00, 0x10, 0x00, 0x00, 0x00, 0x00, 0x00, 0x00, 0x02,
  0xb8, 0x01, 0x00, 0x00, 0x94, 0xf8, 0xff, 0xff, 0x08, 0x00, 0x00, 0x00,
  0x8c, 0x00, 0x00, 0x00, 0x10, 0x00, 0x00, 0x00, 0x00, 0x00, 0x00, 0x00,
  0x00, 0x00, 0x00, 0x00, 0x00, 0x00, 0x00, 0x00, 0x00, 0x00, 0x00, 0x00,
  0x00, 0x00, 0x00, 0x00, 0x00, 0x00, 0x00, 0x00, 0x00, 0x00, 0x00, 0x00,
  0x00, 0x00, 0x00, 0x00, 0x00, 0x00, 0x00, 0x00, 0x00, 0x00, 0x00, 0x00,
  0x00, 0x00, 0x00, 0x00, 0x00, 0x00, 0x00, 0x00, 0x00, 0x00, 0x00, 0x00,
  0x00, 0x00, 0x00, 0x00, 0x00, 0x00, 0x00, 0x00, 0x00, 0x00, 0x00, 0x00,
  0x00, 0x00, 0x00, 0x00, 0x00, 0x00, 0x00, 0x00, 0x00, 0x00, 0x00, 0x00,
  0x00, 0x00, 0x00, 0x00, 0x00, 0x00, 0x00, 0x00, 0x00, 0x00, 0x00, 0x00,
  0x00, 0x00, 0x00, 0x00, 0x00, 0x00, 0x00, 0x00, 0x00, 0x00, 0x00, 0x00,
  0x00, 0x00, 0x00, 0x00, 0x00, 0x00, 0x00, 0x00, 0x00, 0x00, 0x00, 0x00,
  0x00, 0x00, 0x00, 0x00, 0x00, 0x00, 0x00, 0x00, 0x00, 0x00, 0x00, 0x00,
  0x00, 0x00, 0x00, 0x00, 0x00, 0x00, 0x00, 0x00, 0x10, 0x00, 0x00, 0x00,
  0xdb, 0x14, 0xc1, 0x38, 0x75, 0xc5, 0xac, 0x38, 0x35, 0xbd, 0xec, 0x38,
  0x58, 0xd6, 0x44, 0x38, 0xa4, 0xce, 0xa0, 0x38, 0x7d, 0xcd, 0xc4, 0x38,
  0xad, 0x58, 0x1e, 0x38, 0x5a, 0x4f, 0x00, 0x39, 0xd4, 0xa6, 0x80, 0x38,
  0x12, 0x63, 0x84, 0x38, 0x61, 0xa6, 0x5c, 0x38, 0x8a, 0x90, 0x4e, 0x38,
  0x01, 0x37, 0x09, 0x38, 0xf5, 0x01, 0xba, 0x38, 0x69, 0xe8, 0x7e, 0x38,
  0x37, 0xf1, 0x4b, 0x38, 0xd4, 0x00, 0x00, 0x00, 0x68, 0x79, 0x62, 0x72,
  0x69, 0x64, 0x5f, 0x65, 0x63, 0x67, 0x5f, 0x64, 0x65, 0x70, 0x6c, 0x6f,
  0x79, 0x5f, 0x31, 0x2f, 0x64, 0x65, 0x6e, 0x73, 0x65, 0x5f, 0x31, 0x78,
  0x31, 0x5f, 0x31, 0x2f, 0x52, 0x65, 0x6c, 0x75, 0x3b, 0x68, 0x79, 0x62,
  0x72, 0x69, 0x64, 0x5f, 0x65, 0x63, 0x67, 0x5f, 0x64, 0x65, 0x70, 0x6c,
  0x6f, 0x79, 0x5f, 0x31, 0x2f, 0x64, 0x65, 0x6e, 0x73, 0x65, 0x5f, 0x31,
  0x78, 0x31, 0x5f, 0x31, 0x2f, 0x42, 0x69, 0x61, 0x73, 0x41, 0x64, 0x64,
  0x3b, 0x68, 0x79, 0x62, 0x72, 0x69, 0x64, 0x5f, 0x65, 0x63, 0x67, 0x5f,
  0x64, 0x65, 0x70, 0x6c, 0x6f, 0x79, 0x5f, 0x31, 0x2f, 0x64, 0x65, 0x6e,
  0x73, 0x65, 0x5f, 0x31, 0x78, 0x31, 0x5f, 0x31, 0x2f, 0x63, 0x6f, 0x6e,
  0x76, 0x6f, 0x6c, 0x75, 0x74, 0x69, 0x6f, 0x6e, 0x2f, 0x53, 0x71, 0x75,
  0x65, 0x65, 0x7a, 0x65, 0x3b, 0x68, 0x79, 0x62, 0x72, 0x69, 0x64, 0x5f,
  0x65, 0x63, 0x67, 0x5f, 0x64, 0x65, 0x70, 0x6c, 0x6f, 0x79, 0x5f, 0x31,
  0x2f, 0x64, 0x65, 0x6e, 0x73, 0x65, 0x5f, 0x31, 0x78, 0x31, 0x5f, 0x31,
  0x2f, 0x53, 0x71, 0x75, 0x65, 0x65, 0x7a, 0x65, 0x3b, 0x68, 0x79, 0x62,
  0x72, 0x69, 0x64, 0x5f, 0x65, 0x63, 0x67, 0x5f, 0x64, 0x65, 0x70, 0x6c,
  0x6f, 0x79, 0x5f, 0x31, 0x2f, 0x64, 0x65, 0x6e, 0x73, 0x65, 0x5f, 0x31,
  0x78, 0x31, 0x5f, 0x31, 0x2f, 0x63, 0x6f, 0x6e, 0x76, 0x6f, 0x6c, 0x75,
  0x74, 0x69, 0x6f, 0x6e, 0x00, 0x00, 0x00, 0x00, 0x01, 0x00, 0x00, 0x00,
  0x10, 0x00, 0x00, 0x00, 0x6e, 0xfb, 0xff, 0xff, 0x00, 0x00, 0x00, 0x01,
  0x14, 0x00, 0x00, 0x00, 0x34, 0x00, 0x00, 0x00, 0x0f, 0x00, 0x00, 0x00,
  0x00, 0x00, 0x00, 0x09, 0x5c, 0x00, 0x00, 0x00, 0x6c, 0xfa, 0xff, 0xff,
  0x08, 0x00, 0x00, 0x00, 0x14, 0x00, 0x00, 0x00, 0x01, 0x00, 0x00, 0x00,
  0x00, 0x00, 0x00, 0x00, 0x00, 0x00, 0x00, 0x00, 0x00, 0x00, 0x00, 0x00,
  0x01, 0x00, 0x00, 0x00, 0x5f, 0xc8, 0xf4, 0x3b, 0x2c, 0x00, 0x00, 0x00,
  0x68, 0x79, 0x62, 0x72, 0x69, 0x64, 0x5f, 0x65, 0x63, 0x67, 0x5f, 0x64,
  0x65, 0x70, 0x6c, 0x6f, 0x79, 0x5f, 0x31, 0x2f, 0x61, 0x72, 0x72, 0x68,
  0x79, 0x74, 0x68, 0x6d, 0x69, 0x61, 0x5f, 0x31, 0x2f, 0x63, 0x6f, 0x6e,
  0x76, 0x6f, 0x6c, 0x75, 0x74, 0x69, 0x6f, 0x6e, 0x00, 0x00, 0x00, 0x00,
  0x04, 0x00, 0x00, 0x00, 0x01, 0x00, 0x00, 0x00, 0x01, 0x00, 0x00, 0x00,
  0x01, 0x00, 0x00, 0x00, 0x10, 0x00, 0x00, 0x00, 0xf6, 0xfb, 0xff, 0xff,
  0x00, 0x00, 0x00, 0x01, 0x14, 0x00, 0x00, 0x00, 0x30, 0x00, 0x00, 0x00,
  0x0e, 0x00, 0x00, 0x00, 0x00, 0x00, 0x00, 0x02, 0x58, 0x00, 0x00, 0x00,
  0xf4, 0xfa, 0xff, 0xff, 0x08, 0x00, 0x00, 0x00, 0x10, 0x00, 0x00, 0x00,
  0x01, 0x00, 0x00, 0x00, 0x00, 0x00, 0x00, 0x00, 0x00, 0x00, 0x00, 0x00,
  0x01, 0x00, 0x00, 0x00, 0x0e, 0xef, 0xc4, 0x38, 0x2d, 0x00, 0x00, 0x00,
  0x68, 0x79, 0x62, 0x72, 0x69, 0x64, 0x5f, 0x65, 0x63, 0x67, 0x5f, 0x64,
  0x65, 0x70, 0x6c, 0x6f, 0x79, 0x5f, 0x31, 0x2f, 0x61, 0x72, 0x72, 0x68,
  0x79, 0x74, 0x68, 0x6d, 0x69, 0x61, 0x5f, 0x31, 0x2f, 0x63, 0x6f, 0x6e,
  0x76, 0x6f, 0x6c, 0x75, 0x74, 0x69, 0x6f, 0x6e, 0x31, 0x00, 0x00, 0x00,
  0x01, 0x00, 0x00, 0x00, 0x01, 0x00, 0x00, 0x00, 0x6e, 0xfc, 0xff, 0xff,
  0x00, 0x00, 0x00, 0x01, 0x14, 0x00, 0x00, 0x00, 0x30, 0x00, 0x00, 0x00,
  0x0d, 0x00, 0x00, 0x00, 0x00, 0x00, 0x00, 0x09, 0x54, 0x00, 0x00, 0x00,
  0x6c, 0xfb, 0xff, 0xff, 0x08, 0x00, 0x00, 0x00, 0x10, 0x00, 0x00, 0x00,
  0x01, 0x00, 0x00, 0x00, 0x80, 0xff, 0xff, 0xff, 0xff, 0xff, 0xff, 0xff,
  0x01, 0x00, 0x00, 0x00, 0x69, 0xc3, 0x2a, 0x39, 0x28, 0x00, 0x00, 0x00,
  0x68, 0x79, 0x62, 0x72, 0x69, 0x64, 0x5f, 0x65, 0x63, 0x67, 0x5f, 0x64,
  0x65, 0x70, 0x6c, 0x6f, 0x79, 0x5f, 0x31, 0x2f, 0x61, 0x72, 0x72, 0x68,
  0x79, 0x74, 0x68, 0x6d, 0x69, 0x61, 0x5f, 0x31, 0x2f, 0x52, 0x65, 0x73,
  0x68, 0x61, 0x70, 0x65, 0x00, 0x00, 0x00, 0x00, 0x03, 0x00, 0x00, 0x00,
  0x01, 0x00, 0x00, 0x00, 0x01, 0x00, 0x00, 0x00, 0x01, 0x00, 0x00, 0x00,
  0xea, 0xfc, 0xff, 0xff, 0x00, 0x00, 0x00, 0x01, 0x14, 0x00, 0x00, 0x00,
  0x14, 0x00, 0x00, 0x00, 0x0c, 0x00, 0x00, 0x00, 0x00, 0x00, 0x00, 0x02,
  0x44, 0x00, 0x00, 0x00, 0xd4, 0xfc, 0xff, 0xff, 0x34, 0x00, 0x00, 0x00,
  0x68, 0x79, 0x62, 0x72, 0x69, 0x64, 0x5f, 0x65, 0x63, 0x67, 0x5f, 0x64,
  0x65, 0x70, 0x6c, 0x6f, 0x79, 0x5f, 0x31, 0x2f, 0x61, 0x72, 0x72, 0x68,
  0x79, 0x74, 0x68, 0x6d, 0x69, 0x61, 0x5f, 0x31, 0x2f, 0x63, 0x6f, 0x6e,
  0x76, 0x6f, 0x6c, 0x75, 0x74, 0x69, 0x6f, 0x6e, 0x2f, 0x53, 0x71, 0x75,
  0x65, 0x65, 0x7a, 0x65, 0x00, 0x00, 0x00, 0x00, 0x01, 0x00, 0x00, 0x00,
  0x03, 0x00, 0x00, 0x00, 0x4e, 0xfd, 0xff, 0xff, 0x00, 0x00, 0x00, 0x01,
  0x14, 0x00, 0x00, 0x00, 0x14, 0x00, 0x00, 0x00, 0x0b, 0x00, 0x00, 0x00,
  0x00, 0x00, 0x00, 0x02, 0x40, 0x00, 0x00, 0x00, 0x38, 0xfd, 0xff, 0xff,
  0x33, 0x00, 0x00, 0x00, 0x68, 0x79, 0x62, 0x72, 0x69, 0x64, 0x5f, 0x65,
  0x63, 0x67, 0x5f, 0x64, 0x65, 0x70, 0x6c, 0x6f, 0x79, 0x5f, 0x31, 0x2f,
  0x64, 0x65, 0x6e, 0x73, 0x65, 0x5f, 0x31, 0x78, 0x31, 0x5f, 0x31, 0x2f,
  0x63, 0x6f, 0x6e, 0x76, 0x6f, 0x6c, 0x75, 0x74, 0x69, 0x6f, 0x6e, 0x2f,
  0x53, 0x71, 0x75, 0x65, 0x65, 0x7a, 0x65, 0x00, 0x01, 0x00, 0x00, 0x00,
  0x03, 0x00, 0x00, 0x00, 0xae, 0xfd, 0xff, 0xff, 0x00, 0x00, 0x00, 0x01,
  0x14, 0x00, 0x00, 0x00, 0x14, 0x00, 0x00, 0x00, 0x0a, 0x00, 0x00, 0x00,
  0x00, 0x00, 0x00, 0x02, 0x34, 0x00, 0x00, 0x00, 0x98, 0xfd, 0xff, 0xff,
  0x24, 0x00, 0x00, 0x00, 0x68, 0x79, 0x62, 0x72, 0x69, 0x64, 0x5f, 0x65,
  0x63, 0x67, 0x5f, 0x64, 0x65, 0x70, 0x6c, 0x6f, 0x79, 0x5f, 0x31, 0x2f,
  0x67, 0x61, 0x70, 0x5f, 0x64, 0x77, 0x5f, 0x31, 0x2f, 0x53, 0x71, 0x75,
  0x65, 0x65, 0x7a, 0x65, 0x00, 0x00, 0x00, 0x00, 0x01, 0x00, 0x00, 0x00,
  0x03, 0x00, 0x00, 0x00, 0x02, 0xfe, 0xff, 0xff, 0x00, 0x00, 0x00, 0x01,
  0x14, 0x00, 0x00, 0x00, 0x14, 0x00, 0x00, 0x00, 0x09, 0x00, 0x00, 0x00,
  0x00, 0x00, 0x00, 0x02, 0x44, 0x00, 0x00, 0x00, 0xec, 0xfd, 0xff, 0xff,
  0x37, 0x00, 0x00, 0x00, 0x68, 0x79, 0x62, 0x72, 0x69, 0x64, 0x5f, 0x65,
  0x63, 0x67, 0x5f, 0x64, 0x65, 0x70, 0x6c, 0x6f, 0x79, 0x5f, 0x31, 0x2f,
  0x6d, 0x61, 0x78, 0x5f, 0x70, 0x6f, 0x6f, 0x6c, 0x69, 0x6e, 0x67, 0x31,
  0x64, 0x5f, 0x32, 0x5f, 0x31, 0x2f, 0x4d, 0x61, 0x78, 0x50, 0x6f, 0x6f,
  0x6c, 0x31, 0x64, 0x2f, 0x53, 0x71, 0x75, 0x65, 0x65, 0x7a, 0x65, 0x00,
  0x01, 0x00, 0x00, 0x00, 0x03, 0x00, 0x00, 0x00, 0x66, 0xfe, 0xff, 0xff,
  0x00, 0x00, 0x00, 0x01, 0x14, 0x00, 0x00, 0x00, 0x14, 0x00, 0x00, 0x00,
  0x08, 0x00, 0x00, 0x00, 0x00, 0x00, 0x00, 0x02, 0x1c, 0x00, 0x00, 0x00,
  0x50, 0xfe, 0xff, 0xff, 0x0e, 0x00, 0x00, 0x00, 0x61, 0x72, 0x69, 0x74,
  0x68, 0x2e, 0x63, 0x6f, 0x6e, 0x73, 0x74, 0x61, 0x6e, 0x74, 0x00, 0x00,
  0x01, 0x00, 0x00, 0x00, 0x03, 0x00, 0x00, 0x00, 0xa2, 0xfe, 0xff, 0xff,
  0x00, 0x00, 0x00, 0x01, 0x14, 0x00, 0x00, 0x00, 0x14, 0x00, 0x00, 0x00,
  0x07, 0x00, 0x00, 0x00, 0x00, 0x00, 0x00, 0x02, 0x40, 0x00, 0x00, 0x00,
  0x8c, 0xfe, 0xff, 0xff, 0x32, 0x00, 0x00, 0x00, 0x68, 0x79, 0x62, 0x72,
  0x69, 0x64, 0x5f, 0x65, 0x63, 0x67, 0x5f, 0x64, 0x65, 0x70, 0x6c, 0x6f,
  0x79, 0x5f, 0x31, 0x2f, 0x63, 0x6f, 0x6e, 0x76, 0x31, 0x64, 0x5f, 0x31,
  0x5f, 0x32, 0x2f, 0x63, 0x6f, 0x6e, 0x76, 0x6f, 0x6c, 0x75, 0x74, 0x69,
  0x6f, 0x6e, 0x2f, 0x53, 0x71, 0x75, 0x65, 0x65, 0x7a, 0x65, 0x00, 0x00,
  0x01, 0x00, 0x00, 0x00, 0x03, 0x00, 0x00, 0x00, 0x02, 0xff, 0xff, 0xff,
  0x00, 0x00, 0x00, 0x01, 0x14, 0x00, 0x00, 0x00, 0x14, 0x00, 0x00, 0x00,
  0x06, 0x00, 0x00, 0x00, 0x00, 0x00, 0x00, 0x02, 0x44, 0x00, 0x00, 0x00,
  0xec, 0xfe, 0xff, 0xff, 0x35, 0x00, 0x00, 0x00, 0x68, 0x79, 0x62, 0x72,
  0x69, 0x64, 0x5f, 0x65, 0x63, 0x67, 0x5f, 0x64, 0x65, 0x70, 0x6c, 0x6f,
  0x79, 0x5f, 0x31, 0x2f, 0x6d, 0x61, 0x78, 0x5f, 0x70, 0x6f, 0x6f, 0x6c,
  0x69, 0x6e, 0x67, 0x31, 0x64, 0x5f, 0x31, 0x2f, 0x4d, 0x61, 0x78, 0x50,
  0x6f, 0x6f, 0x6c, 0x31, 0x64, 0x2f, 0x53, 0x71, 0x75, 0x65, 0x65, 0x7a,
  0x65, 0x00, 0x00, 0x00, 0x01, 0x00, 0x00, 0x00, 0x03, 0x00, 0x00, 0x00,
  0x66, 0xff, 0xff, 0xff, 0x00, 0x00, 0x00, 0x01, 0x14, 0x00, 0x00, 0x00,
  0x14, 0x00, 0x00, 0x00, 0x05, 0x00, 0x00, 0x00, 0x00, 0x00, 0x00, 0x02,
  0x1c, 0x00, 0x00, 0x00, 0x50, 0xff, 0xff, 0xff, 0x0f, 0x00, 0x00, 0x00,
  0x61, 0x72, 0x69, 0x74, 0x68, 0x2e, 0x63, 0x6f, 0x6e, 0x73, 0x74, 0x61,
  0x6e, 0x74, 0x33, 0x00, 0x00, 0x00, 0x00, 0x00, 0x9e, 0xff, 0xff, 0xff,
  0x00, 0x00, 0x00, 0x01, 0x14, 0x00, 0x00, 0x00, 0x14, 0x00, 0x00, 0x00,
  0x04, 0x00, 0x00, 0x00, 0x00, 0x00, 0x00, 0x02, 0x40, 0x00, 0x00, 0x00,
  0x88, 0xff, 0xff, 0xff, 0x30, 0x00, 0x00, 0x00, 0x68, 0x79, 0x62, 0x72,
  0x69, 0x64, 0x5f, 0x65, 0x63, 0x67, 0x5f, 0x64, 0x65, 0x70, 0x6c, 0x6f,
  0x79, 0x5f, 0x31, 0x2f, 0x63, 0x6f, 0x6e, 0x76, 0x31, 0x64, 0x5f, 0x31,
  0x2f, 0x63, 0x6f, 0x6e, 0x76, 0x6f, 0x6c, 0x75, 0x74, 0x69, 0x6f, 0x6e,
  0x2f, 0x53, 0x71, 0x75, 0x65, 0x65, 0x7a, 0x65, 0x00, 0x00, 0x00, 0x00,
  0x01, 0x00, 0x00, 0x00, 0x03, 0x00, 0x00, 0x00, 0x00, 0x00, 0x16, 0x00,
  0x1c, 0x00, 0x18, 0x00, 0x17, 0x00, 0x10, 0x00, 0x0c, 0x00, 0x08, 0x00,
  0x00, 0x00, 0x00, 0x00, 0x00, 0x00, 0x07, 0x00, 0x16, 0x00, 0x00, 0x00,
  0x00, 0x00, 0x00, 0x01, 0x18, 0x00, 0x00, 0x00, 0x18, 0x00, 0x00, 0x00,
  0x03, 0x00, 0x00, 0x00, 0x00, 0x00, 0x00, 0x02, 0x20, 0x00, 0x00, 0x00,
  0x04, 0x00, 0x04, 0x00, 0x04, 0x00, 0x00, 0x00, 0x0f, 0x00, 0x00, 0x00,
  0x61, 0x72, 0x69, 0x74, 0x68, 0x2e, 0x63, 0x6f, 0x6e, 0x73, 0x74, 0x61,
  0x6e, 0x74, 0x32, 0x00, 0x00, 0x00, 0x00, 0x00, 0x7a, 0xff, 0xff, 0xff,
  0x00, 0x00, 0x00, 0x01, 0x18, 0x00, 0x00, 0x00, 0x24, 0x00, 0x00, 0x00,
  0x40, 0x00, 0x00, 0x00, 0x02, 0x00, 0x00, 0x00, 0x00, 0x00, 0x00, 0x09,
  0x58, 0x00, 0x00, 0x00, 0x03, 0x00, 0x00, 0x00, 0xff, 0xff, 0xff, 0xff,
  0x00, 0x01, 0x00, 0x00, 0x01, 0x00, 0x00, 0x00, 0x64, 0xff, 0xff, 0xff,
  0x08, 0x00, 0x00, 0x00, 0x10, 0x00, 0x00, 0x00, 0x01, 0x00, 0x00, 0x00,
  0xe7, 0xff, 0xff, 0xff, 0xff, 0xff, 0xff, 0xff, 0x01, 0x00, 0x00, 0x00,
  0x47, 0xc0, 0x2f, 0x3d, 0x1c, 0x00, 0x00, 0x00, 0x73, 0x65, 0x72, 0x76,
  0x69, 0x6e, 0x67, 0x5f, 0x64, 0x65, 0x66, 0x61, 0x75, 0x6c, 0x74, 0x5f,
  0x6d, 0x6f, 0x72, 0x70, 0x68, 0x6f, 0x6c, 0x6f, 0x67, 0x79, 0x3a, 0x30,
  0x00, 0x00, 0x00, 0x00, 0x03, 0x00, 0x00, 0x00, 0x01, 0x00, 0x00, 0x00,
  0x00, 0x01, 0x00, 0x00, 0x01, 0x00, 0x00, 0x00, 0x00, 0x00, 0x16, 0x00,
  0x20, 0x00, 0x1c, 0x00, 0x1b, 0x00, 0x14, 0x00, 0x10, 0x00, 0x0c, 0x00,
  0x00, 0x00, 0x00, 0x00, 0x08, 0x00, 0x07, 0x00, 0x16, 0x00, 0x00, 0x00,
  0x00, 0x00, 0x00, 0x01, 0x18, 0x00, 0x00, 0x00, 0x30, 0x00, 0x00, 0x00,
  0x4c, 0x00, 0x00, 0x00, 0x01, 0x00, 0x00, 0x00, 0x00, 0x00, 0x00, 0x09,
  0x60, 0x00, 0x00, 0x00, 0x03, 0x00, 0x00, 0x00, 0xff, 0xff, 0xff, 0xff,
  0x01, 0x00, 0x00, 0x00, 0x03, 0x00, 0x00, 0x00, 0x0c, 0x00, 0x0c, 0x00,
  0x00, 0x00, 0x00, 0x00, 0x08, 0x00, 0x04, 0x00, 0x0c, 0x00, 0x00, 0x00,
  0x08, 0x00, 0x00, 0x00, 0x10, 0x00, 0x00, 0x00, 0x01, 0x00, 0x00, 0x00,
  0xba, 0xff, 0xff, 0xff, 0xff, 0xff, 0xff, 0xff, 0x01, 0x00, 0x00, 0x00,
  0xdb, 0xe4, 0x53, 0x3c, 0x18, 0x00, 0x00, 0x00, 0x73, 0x65, 0x72, 0x76,
  0x69, 0x6e, 0x67, 0x5f, 0x64, 0x65, 0x66, 0x61, 0x75, 0x6c, 0x74, 0x5f,
  0x72, 0x68, 0x79, 0x74, 0x68, 0x6d, 0x3a, 0x30, 0x00, 0x00, 0x00, 0x00,
  0x03, 0x00, 0x00, 0x00, 0x01, 0x00, 0x00, 0x00, 0x01, 0x00, 0x00, 0x00,
  0x03, 0x00, 0x00, 0x00, 0x08, 0x00, 0x00, 0x00, 0xb0, 0x00, 0x00, 0x00,
  0x90, 0x00, 0x00, 0x00, 0x74, 0x00, 0x00, 0x00, 0x60, 0x00, 0x00, 0x00,
  0x4c, 0x00, 0x00, 0x00, 0x38, 0x00, 0x00, 0x00, 0x2c, 0x00, 0x00, 0x00,
  0x10, 0x00, 0x00, 0x00, 0x0c, 0x00, 0x0e, 0x00, 0x0d, 0x00, 0x00, 0x00,
  0x08, 0x00, 0x04, 0x00, 0x0c, 0x00, 0x00, 0x00, 0x0e, 0x00, 0x00, 0x00,
  0x02, 0x00, 0x00, 0x00, 0x00, 0x0e, 0x0a, 0x00, 0x08, 0x00, 0x00, 0x00,
  0x00, 0x00, 0x04, 0x00, 0x0a, 0x00, 0x00, 0x00, 0x02, 0x00, 0x00, 0x00,
  0xc4, 0xff, 0xff, 0xff, 0x02, 0x00, 0x00, 0x00, 0x02, 0x00, 0x00, 0x00,
  0x00, 0x00, 0x00, 0x02, 0xd4, 0xff, 0xff, 0xff, 0x04, 0x00, 0x00, 0x00,
  0x03, 0x00, 0x00, 0x00, 0x00, 0x00, 0x00, 0x04, 0xe4, 0xff, 0xff, 0xff,
  0x11, 0x00, 0x00, 0x00, 0x02, 0x00, 0x00, 0x00, 0x00, 0x00, 0x00, 0x11,
  0xd8, 0xff, 0xff, 0xff, 0x16, 0x00, 0x00, 0x00, 0x00, 0x00, 0x00, 0x16,
  0x0c, 0x00, 0x10, 0x00, 0x0f, 0x00, 0x00, 0x00, 0x08, 0x00, 0x04, 0x00,
  0x0c, 0x00, 0x00, 0x00, 0x03, 0x00, 0x00, 0x00, 0x03, 0x00, 0x00, 0x00,
  0x00, 0x00, 0x00, 0x03, 0x0c, 0x00, 0x0c, 0x00, 0x0b, 0x00, 0x00, 0x00,
  0x00, 0x00, 0x04, 0x00, 0x0c, 0x00, 0x00, 0x00, 0x46, 0x00, 0x00, 0x00,
  0x00, 0x00, 0x00, 0x46
};

#endif  // MODEL_INT8_H
